stId,p_value,significance
R-HSA-422475,1.110223E-16,significant
R-HSA-9675108,1.110223E-16,significant
R-HSA-9006934,1.110223E-16,significant
R-HSA-162582,1.110223E-16,significant
R-HSA-1280215,1.110223E-16,significant
R-HSA-1266738,4.884981E-15,significant
R-HSA-449147,7.538414E-14,significant
R-HSA-168256,1.643685E-11,significant
R-HSA-8953897,2.269784E-11,significant
R-HSA-74160,2.535716E-11,significant
R-HSA-199991,5.044698E-11,significant
R-HSA-73857,5.361399E-10,significant
R-HSA-212436,7.407195E-10,significant
R-HSA-1640170,1.649602E-09,significant
R-HSA-376176,2.100572E-09,significant
R-HSA-2262752,2.029212E-09,significant
R-HSA-6785807,2.815049E-09,significant
R-HSA-166520,1.182866E-08,significant
R-HSA-187037,5.346777E-08,significant
R-HSA-5683057,7.126565E-08,significant
R-HSA-9006925,8.910878E-08,significant
R-HSA-5684996,9.701685E-08,significant
R-HSA-9010553,2.239562E-07,significant
R-HSA-190236,2.808821E-07,significant
R-HSA-5673001,2.923592E-07,significant
R-HSA-199418,3.434166E-07,significant
R-HSA-3700989,4.181219E-07,significant
R-HSA-156827,4.696857E-07,significant
R-HSA-72613,5.487167E-07,significant
R-HSA-72737,5.487167E-07,significant
R-HSA-927802,7.492026E-07,significant
R-HSA-975957,7.492026E-07,significant
R-HSA-72706,9.207494E-07,significant
R-HSA-166016,9.162546E-07,significant
R-HSA-5633007,1.044014E-06,significant
R-HSA-76002,1.350567E-06,significant
R-HSA-975956,1.696854E-06,significant
R-HSA-72689,1.873983E-06,significant
R-HSA-9716542,2.196875E-06,significant
R-HSA-112314,2.624085E-06,significant
R-HSA-1257604,3.064482E-06,significant
R-HSA-9633012,3.206591E-06,significant
R-HSA-6811558,3.408778E-06,significant
R-HSA-109581,3.902077E-06,significant
R-HSA-2682334,4.525713E-06,significant
R-HSA-194315,4.580771E-06,significant
R-HSA-69278,5.934299E-06,significant
R-HSA-6804756,6.137003E-06,significant
R-HSA-9006936,7.438967E-06,significant
R-HSA-112316,9.584038E-06,significant
R-HSA-168164,1.024046E-05,significant
R-HSA-166166,1.056576E-05,significant
R-HSA-937061,1.056576E-05,significant
R-HSA-170834,1.221500E-05,significant
R-HSA-198725,1.350342E-05,significant
R-HSA-186712,1.692591E-05,significant
R-HSA-156842,1.687296E-05,significant
R-HSA-2428924,1.967308E-05,significant
R-HSA-5357801,2.041100E-05,significant
R-HSA-2404192,2.700310E-05,significant
R-HSA-181438,2.756134E-05,significant
R-HSA-168179,2.756134E-05,significant
R-HSA-5653656,2.981748E-05,significant
R-HSA-156902,3.041978E-05,significant
R-HSA-74752,3.177671E-05,significant
R-HSA-5654738,3.557070E-05,significant
R-HSA-168188,4.315138E-05,significant
R-HSA-166058,4.315138E-05,significant
R-HSA-69620,4.258901E-05,significant
R-HSA-74751,4.053685E-05,significant
R-HSA-447115,4.411935E-05,significant
R-HSA-1799339,5.461221E-05,significant
R-HSA-168176,5.368092E-05,significant
R-HSA-168142,5.368092E-05,significant
R-HSA-975871,5.368092E-05,significant
R-HSA-168898,5.914927E-05,significant
R-HSA-6791226,6.116937E-05,significant
R-HSA-392499,6.437709E-05,significant
R-HSA-9954716,6.721244E-05,significant
R-HSA-2428928,6.696795E-05,significant
R-HSA-8878159,7.627522E-05,significant
R-HSA-112399,8.141986E-05,significant
R-HSA-9012999,8.718707E-05,significant
R-HSA-8950505,1.092061E-04,significant
R-HSA-8856828,1.153359E-04,significant
R-HSA-9954714,1.199182E-04,significant
R-HSA-168181,1.177221E-04,significant
R-HSA-5654736,1.222196E-04,significant
R-HSA-453279,1.237659E-04,significant
R-HSA-109582,1.287640E-04,significant
R-HSA-72649,1.348953E-04,significant
R-HSA-975155,1.481319E-04,significant
R-HSA-72764,1.523770E-04,significant
R-HSA-9711097,1.603969E-04,significant
R-HSA-109704,1.638462E-04,significant
R-HSA-9020591,1.600546E-04,significant
R-HSA-5696398,1.864517E-04,significant
R-HSA-373760,1.949466E-04,significant
R-HSA-381119,1.950256E-04,significant
R-HSA-975138,2.051938E-04,significant
R-HSA-194138,2.213551E-04,significant
R-HSA-168138,2.187219E-04,significant
R-HSA-381038,2.138281E-04,significant
R-HSA-448424,2.230320E-04,significant
R-HSA-9006931,2.257691E-04,significant
R-HSA-450294,2.636186E-04,significant
R-HSA-6811442,2.469184E-04,significant
R-HSA-3858494,2.931878E-04,significant
R-HSA-195721,2.894759E-04,significant
R-HSA-112315,3.038526E-04,significant
R-HSA-8868773,3.141015E-04,significant
R-HSA-4420097,3.243673E-04,significant
R-HSA-5696399,3.397010E-04,significant
R-HSA-72695,4.100565E-04,significant
R-HSA-72662,4.311041E-04,significant
R-HSA-9843745,4.122644E-04,significant
R-HSA-9609507,4.163224E-04,significant
R-HSA-3371571,4.492797E-04,significant
R-HSA-6804757,4.773155E-04,significant
R-HSA-72702,4.807586E-04,significant
R-HSA-72187,4.936055E-04,significant
R-HSA-392518,5.205831E-04,significant
R-HSA-597592,5.240397E-04,significant
R-HSA-6798695,5.430307E-04,significant
R-HSA-2408557,5.508744E-04,significant
R-HSA-73779,5.518323E-04,significant
R-HSA-3928665,5.540765E-04,significant
R-HSA-6803211,5.610621E-04,significant
R-HSA-6794361,5.973087E-04,significant
R-HSA-111885,5.985263E-04,significant
R-HSA-6806003,6.076957E-04,significant
R-HSA-450531,6.771310E-04,significant
R-HSA-199992,6.771310E-04,significant
R-HSA-877300,7.041964E-04,significant
R-HSA-5654687,7.333352E-04,significant
R-HSA-9031628,7.409620E-04,significant
R-HSA-73887,7.512816E-04,significant
R-HSA-3000171,7.616886E-04,significant
R-HSA-1474244,7.448044E-04,significant
R-HSA-381070,8.034751E-04,significant
R-HSA-5668541,8.395553E-04,significant
R-HSA-416482,8.505236E-04,significant
R-HSA-9009391,9.165450E-04,significant
R-HSA-69231,9.173554E-04,significant
R-HSA-69236,9.173554E-04,significant
R-HSA-456926,9.563281E-04,significant
R-HSA-75953,1.019800E-03,significant
R-HSA-9948299,1.014858E-03,significant
R-HSA-8939211,1.002235E-03,significant
R-HSA-9770562,1.029010E-03,significant
R-HSA-5654688,1.210477E-03,significant
R-HSA-9013026,1.212025E-03,significant
R-HSA-69206,1.217357E-03,significant
R-HSA-202040,1.379777E-03,significant
R-HSA-1227986,1.353697E-03,significant
R-HSA-674695,1.339639E-03,significant
R-HSA-913531,1.388741E-03,significant
R-HSA-383280,1.477517E-03,significant
R-HSA-210745,1.483501E-03,significant
R-HSA-187687,1.544621E-03,significant
R-HSA-5654696,1.544621E-03,significant
R-HSA-69242,1.578008E-03,significant
R-HSA-75153,1.610234E-03,significant
R-HSA-5654699,1.619896E-03,significant
R-HSA-3371568,1.692552E-03,significant
R-HSA-5685938,1.708852E-03,significant
R-HSA-73776,1.800974E-03,significant
R-HSA-9619665,1.708852E-03,significant
R-HSA-195258,1.823909E-03,significant
R-HSA-8986944,1.840826E-03,significant
R-HSA-9976102,1.868941E-03,significant
R-HSA-111465,1.887771E-03,significant
R-HSA-3371511,2.097202E-03,significant
R-HSA-69656,2.102593E-03,significant
R-HSA-5688426,2.181490E-03,significant
R-HSA-438064,2.325129E-03,significant
R-HSA-5654727,2.331708E-03,significant
R-HSA-9730414,2.349105E-03,significant
R-HSA-5654726,2.589911E-03,significant
R-HSA-3769402,2.515692E-03,significant
R-HSA-8856825,2.555890E-03,significant
R-HSA-977443,2.439472E-03,significant
R-HSA-5654743,2.640773E-03,significant
R-HSA-9634597,2.715249E-03,significant
R-HSA-428930,2.753653E-03,significant
R-HSA-418592,2.753653E-03,significant
R-HSA-68877,2.843609E-03,significant
R-HSA-3371453,2.865989E-03,significant
R-HSA-450282,3.183556E-03,significant
R-HSA-76042,3.050232E-03,significant
R-HSA-1236394,3.181617E-03,significant
R-HSA-3371556,3.085009E-03,significant
R-HSA-2173793,3.089557E-03,significant
R-HSA-9945266,3.005077E-03,significant
R-HSA-5696395,3.317968E-03,significant
R-HSA-9954709,3.403564E-03,significant
R-HSA-3928662,3.426839E-03,significant
R-HSA-373752,3.426839E-03,significant
R-HSA-9033241,3.441735E-03,significant
R-HSA-5654219,3.781745E-03,significant
R-HSA-5654693,3.887494E-03,significant
R-HSA-997272,3.887494E-03,significant
R-HSA-1296041,3.887494E-03,significant
R-HSA-1296059,3.887494E-03,significant
R-HSA-977444,3.850260E-03,significant
R-HSA-991365,3.850260E-03,significant
R-HSA-69202,4.032378E-03,significant
R-HSA-8951430,4.111686E-03,significant
R-HSA-4411364,4.111686E-03,significant
R-HSA-216083,4.181425E-03,significant
R-HSA-9634638,4.281333E-03,significant
R-HSA-418597,4.367833E-03,significant
R-HSA-5654741,4.402419E-03,significant
R-HSA-199977,4.407773E-03,significant
R-HSA-210747,4.444605E-03,significant
R-HSA-68882,4.604215E-03,significant
R-HSA-6814122,4.667269E-03,significant
R-HSA-69615,4.697383E-03,significant
R-HSA-5663220,4.819396E-03,significant
R-HSA-5654700,4.842156E-03,significant
R-HSA-432722,4.922676E-03,significant
R-HSA-2173789,4.955684E-03,significant
R-HSA-5654221,5.143389E-03,significant
R-HSA-6811438,5.579701E-03,significant
R-HSA-983169,5.383409E-03,significant
R-HSA-9615017,5.579701E-03,significant
R-HSA-2555396,5.138822E-03,significant
R-HSA-190242,5.601276E-03,significant
R-HSA-109606,5.442519E-03,significant
R-HSA-2129379,5.851172E-03,significant
R-HSA-201681,5.934738E-03,significant
R-HSA-5669034,5.976040E-03,significant
R-HSA-1989781,6.023401E-03,significant
R-HSA-453274,6.040116E-03,significant
R-HSA-390466,6.064314E-03,significant
R-HSA-2559585,6.139611E-03,significant
R-HSA-112040,6.237681E-03,significant
R-HSA-2122947,6.258842E-03,significant
R-HSA-9844594,6.283711E-03,significant
R-HSA-9843743,6.283711E-03,significant
R-HSA-381340,6.311506E-03,significant
R-HSA-1296071,6.311506E-03,significant
R-HSA-68886,6.323645E-03,significant
R-HSA-2173791,6.514741E-03,significant
R-HSA-198753,7.320525E-03,significant
R-HSA-190241,7.320525E-03,significant
R-HSA-5357786,7.320525E-03,significant
R-HSA-2173788,6.621834E-03,significant
R-HSA-5654689,6.621834E-03,significant
R-HSA-5696394,6.899748E-03,significant
R-HSA-1566948,7.078194E-03,significant
R-HSA-195253,6.711543E-03,significant
R-HSA-442755,6.907480E-03,significant
R-HSA-1500931,6.602188E-03,significant
R-HSA-420092,6.547021E-03,significant
R-HSA-1253288,7.451444E-03,significant
R-HSA-1980143,7.655952E-03,significant
R-HSA-400206,7.714455E-03,significant
R-HSA-69618,7.727596E-03,significant
R-HSA-8878166,7.731642E-03,significant
R-HSA-1296065,7.753785E-03,significant
R-HSA-168249,7.865783E-03,significant
R-HSA-948021,8.009889E-03,significant
R-HSA-8853884,8.033489E-03,significant
R-HSA-9834899,8.069356E-03,significant
R-HSA-9013106,8.087290E-03,significant
R-HSA-3000157,8.180690E-03,significant
R-HSA-5654695,8.180690E-03,significant
R-HSA-392451,9.132190E-03,significant
R-HSA-5654716,8.712925E-03,significant
R-HSA-6782135,8.263339E-03,significant
R-HSA-8980692,9.378013E-03,significant
R-HSA-2990846,8.621115E-03,significant
R-HSA-75893,9.323606E-03,significant
R-HSA-6794362,9.046984E-03,significant
R-HSA-1236975,8.681420E-03,significant
R-HSA-69275,9.164541E-03,significant
R-HSA-9020702,8.998734E-03,significant
R-HSA-164952,9.132190E-03,significant
R-HSA-112043,8.931746E-03,significant
R-HSA-2467813,9.031494E-03,significant
R-HSA-5578775,9.323606E-03,significant
R-HSA-114452,8.712925E-03,significant
R-HSA-72766,9.423754E-03,significant
R-HSA-8849471,9.683964E-03,significant
R-HSA-1489509,9.964379E-03,significant
R-HSA-397795,1.013137E-02,significant
R-HSA-442742,1.013137E-02,significant
R-HSA-9825892,1.018167E-02,significant
R-HSA-5654719,1.018167E-02,significant
R-HSA-2173796,1.023534E-02,significant
R-HSA-6781827,1.026752E-02,significant
R-HSA-5633008,1.026752E-02,significant
R-HSA-391251,1.038680E-02,significant
R-HSA-141424,1.065432E-02,significant
R-HSA-141444,1.065432E-02,significant
R-HSA-375165,1.081690E-02,significant
R-HSA-4086400,1.083732E-02,significant
R-HSA-9013408,1.090471E-02,significant
R-HSA-400042,1.099684E-02,significant
R-HSA-4641265,1.131419E-02,significant
R-HSA-3108232,1.135586E-02,significant
R-HSA-9758941,1.151677E-02,significant
R-HSA-4086398,1.154592E-02,significant
R-HSA-9013404,1.194956E-02,significant
R-HSA-69481,1.220238E-02,significant
R-HSA-512988,1.273020E-02,significant
R-HSA-381676,1.273020E-02,significant
R-HSA-9958825,1.279610E-02,significant
R-HSA-8878171,1.286604E-02,significant
R-HSA-5654708,1.288328E-02,significant
R-HSA-5654733,1.288328E-02,significant
R-HSA-9856651,1.294418E-02,significant
R-HSA-5632684,1.298598E-02,significant
R-HSA-8964616,1.394527E-02,significant
R-HSA-6803529,1.386239E-02,significant
R-HSA-6803204,1.453306E-02,significant
R-HSA-389356,1.517334E-02,significant
R-HSA-9013694,1.368373E-02,significant
R-HSA-112409,1.386239E-02,significant
R-HSA-9006927,1.301580E-02,significant
R-HSA-8848021,1.301580E-02,significant
R-HSA-432040,1.396127E-02,significant
R-HSA-171007,1.538979E-02,significant
R-HSA-8964315,1.538979E-02,significant
R-HSA-6782210,1.552394E-02,significant
R-HSA-5654704,1.555120E-02,significant
R-HSA-72163,1.562637E-02,significant
R-HSA-168928,1.623755E-02,significant
R-HSA-2559583,1.647885E-02,significant
R-HSA-163685,1.655727E-02,significant
R-HSA-5663213,1.663064E-02,significant
R-HSA-5205647,1.663064E-02,significant
R-HSA-8877330,1.689708E-02,significant
R-HSA-6804759,1.689708E-02,significant
R-HSA-75035,1.689708E-02,significant
R-HSA-5357905,1.715801E-02,significant
R-HSA-881907,1.743078E-02,significant
R-HSA-388841,1.767621E-02,significant
R-HSA-9013149,1.770596E-02,significant
R-HSA-5675221,1.787480E-02,significant
R-HSA-9013420,1.845951E-02,significant
R-HSA-3000170,1.850455E-02,significant
R-HSA-5654732,1.890260E-02,significant
R-HSA-72172,1.939953E-02,significant
R-HSA-75157,1.947753E-02,significant
R-HSA-5693532,2.019745E-02,significant
R-HSA-9935598,2.181437E-02,significant
R-HSA-196025,2.108830E-02,significant
R-HSA-3232118,2.180922E-02,significant
R-HSA-445144,2.357295E-02,significant
R-HSA-110314,2.425226E-02,significant
R-HSA-525793,2.140435E-02,significant
R-HSA-1251985,2.024393E-02,significant
R-HSA-437239,2.090798E-02,significant
R-HSA-6807878,2.145027E-02,significant
R-HSA-5358351,2.082409E-02,significant
R-HSA-5357769,2.140435E-02,significant
R-HSA-9614085,2.202554E-02,significant
R-HSA-1280218,2.255832E-02,significant
R-HSA-69601,2.365319E-02,significant
R-HSA-69613,2.365319E-02,significant
R-HSA-6811440,2.090798E-02,significant
R-HSA-5693616,2.092090E-02,significant
R-HSA-5693579,2.294256E-02,significant
R-HSA-9648025,2.128787E-02,significant
R-HSA-73894,2.117077E-02,significant
R-HSA-114608,2.424810E-02,significant
R-HSA-9769739,2.375736E-02,significant
R-HSA-174824,2.325864E-02,significant
R-HSA-163125,2.030174E-02,significant
R-HSA-9022699,2.140435E-02,significant
R-HSA-9909615,2.447927E-02,significant
R-HSA-9917777,2.465610E-02,significant
R-HSA-8856688,2.496361E-02,significant
R-HSA-6796648,2.565438E-02,significant
R-HSA-5685942,2.568160E-02,significant
R-HSA-3928664,2.660524E-02,significant
R-HSA-73980,2.660524E-02,significant
R-HSA-2173795,2.693444E-02,significant
R-HSA-5654712,2.749727E-02,significant
R-HSA-76071,2.749727E-02,significant
R-HSA-350054,2.749727E-02,significant
R-HSA-3928663,2.749786E-02,significant
R-HSA-1445148,2.775056E-02,significant
R-HSA-9855142,2.777067E-02,significant
R-HSA-76005,2.787319E-02,significant
R-HSA-8957275,2.792015E-02,significant
R-HSA-8953750,2.822049E-02,significant
R-HSA-9035034,2.822049E-02,significant
R-HSA-201556,2.822049E-02,significant
R-HSA-6781823,2.857712E-02,significant
R-HSA-446728,2.876959E-02,significant
R-HSA-1236974,2.891582E-02,significant
R-HSA-9860931,2.911746E-02,significant
R-HSA-9855719,3.543802E-02,significant
R-HSA-8949275,3.543802E-02,significant
R-HSA-1296052,3.543802E-02,significant
R-HSA-72731,3.543802E-02,significant
R-HSA-430116,3.273906E-02,significant
R-HSA-4755510,3.273906E-02,significant
R-HSA-190873,3.273906E-02,significant
R-HSA-112411,3.273906E-02,significant
R-HSA-9614399,2.985875E-02,significant
R-HSA-5658623,2.985875E-02,significant
R-HSA-5654228,3.385711E-02,significant
R-HSA-2892247,3.002052E-02,significant
R-HSA-912631,3.542391E-02,significant
R-HSA-167044,3.119838E-02,significant
R-HSA-392170,3.119838E-02,significant
R-HSA-2424491,3.060147E-02,significant
R-HSA-9933387,3.060147E-02,significant
R-HSA-5205685,3.480249E-02,significant
R-HSA-168638,2.953419E-02,significant
R-HSA-5696400,2.953419E-02,significant
R-HSA-176187,3.355253E-02,significant
R-HSA-9013424,3.355253E-02,significant
R-HSA-3899300,3.201394E-02,significant
R-HSA-933541,3.201394E-02,significant
R-HSA-5658442,3.606470E-02,significant
R-HSA-2426168,3.242935E-02,significant
R-HSA-69473,3.216130E-02,significant
R-HSA-2132295,3.637712E-02,significant
R-HSA-9018519,3.138001E-02,significant
R-HSA-8876198,3.592643E-02,significant
R-HSA-9856649,3.110770E-02,significant
R-HSA-9007101,3.549668E-02,significant
R-HSA-6806834,3.413099E-02,significant
R-HSA-388396,3.429385E-02,significant
R-HSA-111933,3.201394E-02,significant
R-HSA-8939902,3.644958E-02,significant
R-HSA-111996,3.660721E-02,significant
R-HSA-5576891,3.069438E-02,significant
R-HSA-451326,3.480249E-02,significant
R-HSA-111997,3.201394E-02,significant
R-HSA-445989,3.424698E-02,significant
R-HSA-111447,3.385711E-02,significant
R-HSA-397014,3.049813E-02,significant
R-HSA-373080,3.301971E-02,significant
R-HSA-983231,3.164992E-02,significant
R-HSA-9769740,3.644958E-02,significant
R-HSA-5675482,3.355253E-02,significant
R-HSA-392851,3.542391E-02,significant
R-HSA-9769735,3.119838E-02,significant
R-HSA-72312,3.631620E-02,significant
R-HSA-9663891,3.676237E-02,significant
R-HSA-75158,3.751722E-02,significant
R-HSA-8948751,3.778991E-02,significant
R-HSA-174178,3.778991E-02,significant
R-HSA-388479,3.806969E-02,significant
R-HSA-111448,3.806969E-02,significant
R-HSA-9707587,3.806969E-02,significant
R-HSA-6783783,3.812232E-02,significant
R-HSA-5676594,3.814855E-02,significant
R-HSA-9796292,3.814855E-02,significant
R-HSA-190322,3.814855E-02,significant
R-HSA-190375,3.814855E-02,significant
R-HSA-75892,3.814855E-02,significant
R-HSA-190373,3.814855E-02,significant
R-HSA-1632852,3.885075E-02,significant
R-HSA-452723,3.898533E-02,significant
R-HSA-176814,3.942543E-02,significant
R-HSA-422356,3.972746E-02,significant
R-HSA-446652,3.989993E-02,significant
R-HSA-2500257,4.006862E-02,significant
R-HSA-9769743,4.025293E-02,significant
R-HSA-5654706,4.047805E-02,significant
R-HSA-450302,4.047805E-02,significant
R-HSA-442982,4.047805E-02,significant
R-HSA-163359,4.130362E-02,significant
R-HSA-3214841,4.147060E-02,significant
R-HSA-8953854,4.153904E-02,significant
R-HSA-372790,4.207706E-02,significant
R-HSA-186797,4.244036E-02,significant
R-HSA-5689603,4.257541E-02,significant
R-HSA-2214320,4.291473E-02,significant
R-HSA-1592389,4.343501E-02,significant
R-HSA-1655829,4.361735E-02,significant
R-HSA-6811434,4.403480E-02,significant
R-HSA-5607764,4.403480E-02,significant
R-HSA-9612973,4.404922E-02,significant
R-HSA-69205,4.425363E-02,significant
R-HSA-749476,4.425363E-02,significant
R-HSA-74158,4.425363E-02,significant
R-HSA-432720,4.425363E-02,significant
R-HSA-9696264,4.425363E-02,significant
R-HSA-199920,5.950389E-02,non-significant
R-HSA-8951671,5.950389E-02,non-significant
R-HSA-9825895,5.375294E-02,non-significant
R-HSA-3371378,5.375294E-02,non-significant
R-HSA-69416,5.375294E-02,non-significant
R-HSA-77588,5.375294E-02,non-significant
R-HSA-5140745,4.814364E-02,significant
R-HSA-2151209,4.814364E-02,significant
R-HSA-8941856,5.933833E-02,non-significant
R-HSA-4655427,5.933833E-02,non-significant
R-HSA-399956,5.209930E-02,non-significant
R-HSA-5654227,5.209930E-02,non-significant
R-HSA-450604,4.577662E-02,significant
R-HSA-210744,4.577662E-02,significant
R-HSA-156711,5.270441E-02,non-significant
R-HSA-5625900,5.270441E-02,non-significant
R-HSA-418217,5.270441E-02,non-significant
R-HSA-5654720,4.615536E-02,significant
R-HSA-75067,4.516992E-02,significant
R-HSA-73856,4.516992E-02,significant
R-HSA-912694,5.156383E-02,non-significant
R-HSA-210991,5.895619E-02,non-significant
R-HSA-9013695,5.895619E-02,non-significant
R-HSA-4641262,4.950547E-02,significant
R-HSA-5357956,4.950547E-02,significant
R-HSA-1250196,5.350056E-02,non-significant
R-HSA-9931509,4.701212E-02,significant
R-HSA-4641258,5.333352E-02,non-significant
R-HSA-5674135,4.958802E-02,significant
R-HSA-8941858,5.616514E-02,non-significant
R-HSA-9604323,5.616514E-02,non-significant
R-HSA-8866654,4.999406E-02,significant
R-HSA-174184,4.999406E-02,significant
R-HSA-176409,5.180369E-02,non-significant
R-HSA-179419,5.826263E-02,non-significant
R-HSA-204005,5.925601E-02,non-significant
R-HSA-8852135,5.424133E-02,non-significant
R-HSA-2565942,5.731032E-02,non-significant
R-HSA-9013148,5.660557E-02,non-significant
R-HSA-983168,5.139748E-02,non-significant
R-HSA-174143,4.637425E-02,significant
R-HSA-453276,4.637425E-02,significant
R-HSA-5689880,5.799848E-02,non-significant
R-HSA-72203,5.067788E-02,non-significant
R-HSA-69541,4.701212E-02,significant
R-HSA-373755,4.913403E-02,significant
R-HSA-76046,5.350056E-02,non-significant
R-HSA-909733,5.340046E-02,non-significant
R-HSA-5617833,5.366656E-02,non-significant
R-HSA-9975921,5.366656E-02,non-significant
R-HSA-390696,5.375294E-02,non-significant
R-HSA-1852241,4.633456E-02,significant
R-HSA-418555,4.898078E-02,significant
R-HSA-168643,5.656941E-02,non-significant
R-HSA-6783589,4.516992E-02,significant
R-HSA-212165,5.247486E-02,non-significant
R-HSA-69580,4.806281E-02,significant
R-HSA-69563,4.806281E-02,significant
R-HSA-1474228,4.602444E-02,significant
R-HSA-3000178,4.637425E-02,significant
R-HSA-9830369,5.795788E-02,non-significant
R-HSA-421270,4.481080E-02,significant
R-HSA-445717,5.508493E-02,non-significant
R-HSA-9620244,5.650036E-02,non-significant
R-HSA-381426,5.870822E-02,non-significant
R-HSA-351906,5.375294E-02,non-significant
R-HSA-435354,5.209930E-02,non-significant
R-HSA-3247509,5.317984E-02,non-significant
R-HSA-9856530,4.968431E-02,significant
R-HSA-500657,5.270441E-02,non-significant
R-HSA-9696270,5.333352E-02,non-significant
R-HSA-177929,6.007250E-02,non-significant
R-HSA-193648,6.007250E-02,non-significant
R-HSA-9851695,6.023795E-02,non-significant
R-HSA-9841922,6.023795E-02,non-significant
R-HSA-9818564,6.023795E-02,non-significant
R-HSA-1250347,6.028071E-02,non-significant
R-HSA-1963640,6.028071E-02,non-significant
R-HSA-6804114,6.028071E-02,non-significant
R-HSA-204998,6.046915E-02,non-significant
R-HSA-69052,6.046915E-02,non-significant
R-HSA-9772755,6.055361E-02,non-significant
R-HSA-113418,6.099695E-02,non-significant
R-HSA-4608870,6.121421E-02,non-significant
R-HSA-193704,6.190397E-02,non-significant
R-HSA-2559580,6.250306E-02,non-significant
R-HSA-1268020,6.332418E-02,non-significant
R-HSA-176408,6.332418E-02,non-significant
R-HSA-69239,6.358017E-02,non-significant
R-HSA-9793242,6.475445E-02,non-significant
R-HSA-9854909,6.479058E-02,non-significant
R-HSA-3134963,6.479058E-02,non-significant
R-HSA-3065678,6.479058E-02,non-significant
R-HSA-399719,6.508894E-02,non-significant
R-HSA-9913351,6.508894E-02,non-significant
R-HSA-9929491,6.650622E-02,non-significant
R-HSA-4839726,6.678754E-02,non-significant
R-HSA-69017,6.745957E-02,non-significant
R-HSA-5654710,6.753082E-02,non-significant
R-HSA-9013422,6.753082E-02,non-significant
R-HSA-75205,6.762088E-02,non-significant
R-HSA-210990,6.762088E-02,non-significant
R-HSA-190377,6.762088E-02,non-significant
R-HSA-9020558,6.762088E-02,non-significant
R-HSA-417973,6.805139E-02,non-significant
R-HSA-5610787,6.889016E-02,non-significant
R-HSA-9027284,6.907472E-02,non-significant
R-HSA-190239,6.907472E-02,non-significant
R-HSA-450385,6.907472E-02,non-significant
R-HSA-450513,6.907472E-02,non-significant
R-HSA-73780,6.907472E-02,non-significant
R-HSA-6785631,6.907472E-02,non-significant
R-HSA-1433557,6.912322E-02,non-significant
R-HSA-418990,6.986894E-02,non-significant
R-HSA-114604,7.219848E-02,non-significant
R-HSA-8941326,7.219848E-02,non-significant
R-HSA-9696273,7.219848E-02,non-significant
R-HSA-8935964,9.971929E-02,non-significant
R-HSA-9758920,9.971929E-02,non-significant
R-HSA-3065676,9.971929E-02,non-significant
R-HSA-9839389,8.778474E-02,non-significant
R-HSA-447041,8.778474E-02,non-significant
R-HSA-8948747,8.778474E-02,non-significant
R-HSA-111367,8.778474E-02,non-significant
R-HSA-2470946,8.778474E-02,non-significant
R-HSA-450520,7.707259E-02,non-significant
R-HSA-9634635,7.707259E-02,non-significant
R-HSA-428542,7.707259E-02,non-significant
R-HSA-450341,7.707259E-02,non-significant
R-HSA-428543,7.707259E-02,non-significant
R-HSA-198693,7.707259E-02,non-significant
R-HSA-201688,7.707259E-02,non-significant
R-HSA-5218900,7.707259E-02,non-significant
R-HSA-3215018,1.054488E-01,non-significant
R-HSA-2179392,1.054488E-01,non-significant
R-HSA-8875555,1.054488E-01,non-significant
R-HSA-629594,1.054488E-01,non-significant
R-HSA-9824878,9.132073E-02,non-significant
R-HSA-202670,9.132073E-02,non-significant
R-HSA-9818030,7.932248E-02,non-significant
R-HSA-181431,7.932248E-02,non-significant
R-HSA-622327,7.932248E-02,non-significant
R-HSA-169893,8.919500E-02,non-significant
R-HSA-140534,8.919500E-02,non-significant
R-HSA-391160,1.029356E-01,non-significant
R-HSA-975163,1.029356E-01,non-significant
R-HSA-190372,1.029356E-01,non-significant
R-HSA-418457,1.029356E-01,non-significant
R-HSA-177504,1.029356E-01,non-significant
R-HSA-76066,7.394637E-02,non-significant
R-HSA-5696397,7.394637E-02,non-significant
R-HSA-389513,8.483714E-02,non-significant
R-HSA-5651801,9.755604E-02,non-significant
R-HSA-164378,9.755604E-02,non-significant
R-HSA-9938206,9.120300E-02,non-significant
R-HSA-111931,1.046714E-01,non-significant
R-HSA-450321,1.046714E-01,non-significant
R-HSA-179409,1.046714E-01,non-significant
R-HSA-389357,8.465847E-02,non-significant
R-HSA-445095,8.465847E-02,non-significant
R-HSA-912526,1.107560E-01,non-significant
R-HSA-77075,1.107560E-01,non-significant
R-HSA-171319,1.016045E-01,non-significant
R-HSA-8939243,9.309671E-02,non-significant
R-HSA-186763,1.058566E-01,non-significant
R-HSA-5689896,8.526344E-02,non-significant
R-HSA-187577,8.064117E-02,non-significant
R-HSA-8875878,9.978272E-02,non-significant
R-HSA-73762,9.094394E-02,non-significant
R-HSA-9931269,7.576039E-02,non-significant
R-HSA-112382,7.576039E-02,non-significant
R-HSA-75955,8.701911E-02,non-significant
R-HSA-9029569,7.933037E-02,non-significant
R-HSA-174084,1.073455E-01,non-significant
R-HSA-1234176,9.754986E-02,non-significant
R-HSA-9925563,7.509867E-02,non-significant
R-HSA-8943724,1.024047E-01,non-significant
R-HSA-380284,1.037143E-01,non-significant
R-HSA-380259,1.037143E-01,non-significant
R-HSA-8854518,1.048921E-01,non-significant
R-HSA-9024446,9.734887E-02,non-significant
R-HSA-5620912,9.085403E-02,non-significant
R-HSA-5389840,8.355450E-02,non-significant
R-HSA-6807070,9.471321E-02,non-significant
R-HSA-5693538,1.031790E-01,non-significant
R-HSA-5693567,7.845554E-02,non-significant
R-HSA-9839373,1.073455E-01,non-significant
R-HSA-9614657,9.755604E-02,non-significant
R-HSA-8863795,8.912565E-02,non-significant
R-HSA-9755511,8.029338E-02,non-significant
R-HSA-5218921,8.465847E-02,non-significant
R-HSA-1059683,7.932248E-02,non-significant
R-HSA-157118,9.803721E-02,non-significant
R-HSA-201451,8.465847E-02,non-significant
R-HSA-418889,7.707259E-02,non-significant
R-HSA-2028269,7.751519E-02,non-significant
R-HSA-6788467,7.932248E-02,non-significant
R-HSA-9830674,1.107560E-01,non-significant
R-HSA-9648895,1.107560E-01,non-significant
R-HSA-9034015,7.394637E-02,non-significant
R-HSA-975577,8.919500E-02,non-significant
R-HSA-8963889,7.962543E-02,non-significant
R-HSA-9758274,8.919500E-02,non-significant
R-HSA-5621575,7.962543E-02,non-significant
R-HSA-6791312,1.009506E-01,non-significant
R-HSA-9711123,9.975096E-02,non-significant
R-HSA-139915,8.778474E-02,non-significant
R-HSA-76061,9.120300E-02,non-significant
R-HSA-8940973,1.016045E-01,non-significant
R-HSA-9705462,7.394637E-02,non-significant
R-HSA-375280,8.064117E-02,non-significant
R-HSA-936440,1.058566E-01,non-significant
R-HSA-9020956,1.054488E-01,non-significant
R-HSA-110056,1.054488E-01,non-significant
R-HSA-1433559,1.029356E-01,non-significant
R-HSA-380994,1.016045E-01,non-significant
R-HSA-382556,9.281070E-02,non-significant
R-HSA-399721,9.309671E-02,non-significant
R-HSA-9013423,1.006424E-01,non-significant
R-HSA-9006115,8.465847E-02,non-significant
R-HSA-381042,9.663182E-02,non-significant
R-HSA-5213460,9.978272E-02,non-significant
R-HSA-9706574,8.912565E-02,non-significant
R-HSA-5218859,9.436836E-02,non-significant
R-HSA-390651,1.124110E-01,non-significant
R-HSA-9706374,1.124110E-01,non-significant
R-HSA-3065679,1.124110E-01,non-significant
R-HSA-211163,1.124110E-01,non-significant
R-HSA-173736,1.124110E-01,non-significant
R-HSA-202403,1.124156E-01,non-significant
R-HSA-77595,1.124853E-01,non-significant
R-HSA-141405,1.124853E-01,non-significant
R-HSA-5655862,1.124853E-01,non-significant
R-HSA-141430,1.124853E-01,non-significant
R-HSA-5660526,1.124853E-01,non-significant
R-HSA-9012852,1.127304E-01,non-significant
R-HSA-450408,1.128772E-01,non-significant
R-HSA-1442490,1.154165E-01,non-significant
R-HSA-9793380,1.154165E-01,non-significant
R-HSA-9929356,1.157720E-01,non-significant
R-HSA-5610785,1.183245E-01,non-significant
R-HSA-1168372,1.184097E-01,non-significant
R-HSA-380270,1.191796E-01,non-significant
R-HSA-8951936,1.192150E-01,non-significant
R-HSA-2428933,1.192150E-01,non-significant
R-HSA-418890,1.192150E-01,non-significant
R-HSA-8984722,1.192150E-01,non-significant
R-HSA-5661231,1.192150E-01,non-significant
R-HSA-1912420,1.204045E-01,non-significant
R-HSA-9013418,1.204045E-01,non-significant
R-HSA-72086,1.204861E-01,non-significant
R-HSA-9674555,1.204861E-01,non-significant
R-HSA-8849469,1.222010E-01,non-significant
R-HSA-444257,1.222010E-01,non-significant
R-HSA-9828211,1.222010E-01,non-significant
R-HSA-1169092,1.222010E-01,non-significant
R-HSA-190370,1.222010E-01,non-significant
R-HSA-174154,1.225610E-01,non-significant
R-HSA-9708296,1.238468E-01,non-significant
R-HSA-8985801,1.238468E-01,non-significant
R-HSA-8951911,1.238468E-01,non-significant
R-HSA-1296067,1.238468E-01,non-significant
R-HSA-77042,1.244342E-01,non-significant
R-HSA-114294,1.244342E-01,non-significant
R-HSA-111452,1.244342E-01,non-significant
R-HSA-211728,1.244342E-01,non-significant
R-HSA-9617324,1.270217E-01,non-significant
R-HSA-5673000,1.277553E-01,non-significant
R-HSA-180786,1.283853E-01,non-significant
R-HSA-9707616,1.294181E-01,non-significant
R-HSA-937072,1.301176E-01,non-significant
R-HSA-110312,1.301176E-01,non-significant
R-HSA-196299,1.301176E-01,non-significant
R-HSA-399954,1.301176E-01,non-significant
R-HSA-4641257,1.306840E-01,non-significant
R-HSA-9762114,1.306840E-01,non-significant
R-HSA-9909648,1.327528E-01,non-significant
R-HSA-418346,1.337130E-01,non-significant
R-HSA-5368286,1.340506E-01,non-significant
R-HSA-8866652,1.372886E-01,non-significant
R-HSA-76009,1.373541E-01,non-significant
R-HSA-9824585,1.373541E-01,non-significant
R-HSA-5607761,1.373541E-01,non-significant
R-HSA-9034864,1.386775E-01,non-significant
R-HSA-68962,1.412783E-01,non-significant
R-HSA-380972,1.412783E-01,non-significant
R-HSA-9013508,1.412783E-01,non-significant
R-HSA-9818749,1.422357E-01,non-significant
R-HSA-2980767,1.422357E-01,non-significant
R-HSA-69478,1.422357E-01,non-significant
R-HSA-9764561,1.427448E-01,non-significant
R-HSA-69273,1.446721E-01,non-significant
R-HSA-5620916,1.459865E-01,non-significant
R-HSA-9934037,1.459865E-01,non-significant
R-HSA-380287,1.462904E-01,non-significant
R-HSA-432030,2.317417E-01,non-significant
R-HSA-9839397,2.317417E-01,non-significant
R-HSA-9854907,1.959797E-01,non-significant
R-HSA-8866906,1.959797E-01,non-significant
R-HSA-5368598,1.959797E-01,non-significant
R-HSA-392023,1.959797E-01,non-significant
R-HSA-1296053,1.959797E-01,non-significant
R-HSA-8939247,1.664417E-01,non-significant
R-HSA-8939245,1.664417E-01,non-significant
R-HSA-165158,1.664417E-01,non-significant
R-HSA-165181,1.664417E-01,non-significant
R-HSA-68911,1.664417E-01,non-significant
R-HSA-190374,1.664417E-01,non-significant
R-HSA-937042,1.622257E-01,non-significant
R-HSA-9013700,1.622257E-01,non-significant
R-HSA-9613354,1.622257E-01,non-significant
R-HSA-176974,1.622257E-01,non-significant
R-HSA-5625970,1.622257E-01,non-significant
R-HSA-187015,1.911935E-01,non-significant
R-HSA-5666185,1.911935E-01,non-significant
R-HSA-428890,1.911935E-01,non-significant
R-HSA-8849473,1.911935E-01,non-significant
R-HSA-2562578,1.911935E-01,non-significant
R-HSA-9732724,1.911935E-01,non-significant
R-HSA-112412,1.911935E-01,non-significant
R-HSA-166665,2.277065E-01,non-significant
R-HSA-9764302,2.277065E-01,non-significant
R-HSA-187024,2.277065E-01,non-significant
R-HSA-5632681,2.277065E-01,non-significant
R-HSA-194313,2.277065E-01,non-significant
R-HSA-5635851,2.277065E-01,non-significant
R-HSA-195399,2.277065E-01,non-significant
R-HSA-9017802,2.277065E-01,non-significant
R-HSA-5576894,2.277065E-01,non-significant
R-HSA-9013957,2.755608E-01,non-significant
R-HSA-1296061,2.755608E-01,non-significant
R-HSA-1307965,2.755608E-01,non-significant
R-HSA-9754119,2.755608E-01,non-significant
R-HSA-69200,2.755608E-01,non-significant
R-HSA-162658,1.511035E-01,non-significant
R-HSA-9013973,1.763282E-01,non-significant
R-HSA-9818028,1.763282E-01,non-significant
R-HSA-622323,1.763282E-01,non-significant
R-HSA-428540,1.763282E-01,non-significant
R-HSA-2514853,1.763282E-01,non-significant
R-HSA-1236977,1.763282E-01,non-significant
R-HSA-68884,1.763282E-01,non-significant
R-HSA-5689877,2.070438E-01,non-significant
R-HSA-9014325,2.070438E-01,non-significant
R-HSA-390666,2.070438E-01,non-significant
R-HSA-2468052,2.070438E-01,non-significant
R-HSA-1236973,2.070438E-01,non-significant
R-HSA-9010642,2.451174E-01,non-significant
R-HSA-446107,2.451174E-01,non-significant
R-HSA-9012546,2.451174E-01,non-significant
R-HSA-629597,2.451174E-01,non-significant
R-HSA-9927354,2.451174E-01,non-significant
R-HSA-1362300,1.606850E-01,non-significant
R-HSA-9603798,1.606850E-01,non-significant
R-HSA-5099900,1.606850E-01,non-significant
R-HSA-5656121,1.606850E-01,non-significant
R-HSA-2032785,1.866328E-01,non-significant
R-HSA-9933939,1.866328E-01,non-significant
R-HSA-9933937,1.866328E-01,non-significant
R-HSA-8847993,1.866328E-01,non-significant
R-HSA-447043,2.935414E-01,non-significant
R-HSA-8857538,2.935414E-01,non-significant
R-HSA-6806942,2.935414E-01,non-significant
R-HSA-629587,2.935414E-01,non-significant
R-HSA-8851805,2.177884E-01,non-significant
R-HSA-209543,2.177884E-01,non-significant
R-HSA-2197563,2.177884E-01,non-significant
R-HSA-198323,2.177884E-01,non-significant
R-HSA-879415,2.177884E-01,non-significant
R-HSA-6804760,1.681963E-01,non-significant
R-HSA-8849932,1.681963E-01,non-significant
R-HSA-163615,1.681963E-01,non-significant
R-HSA-936964,1.943438E-01,non-significant
R-HSA-112308,2.556468E-01,non-significant
R-HSA-418885,2.253235E-01,non-significant
R-HSA-1295596,2.253235E-01,non-significant
R-HSA-1502540,2.253235E-01,non-significant
R-HSA-170670,2.253235E-01,non-significant
R-HSA-9933946,2.253235E-01,non-significant
R-HSA-168927,2.253235E-01,non-significant
R-HSA-9932451,1.566241E-01,non-significant
R-HSA-9830364,1.566241E-01,non-significant
R-HSA-937041,2.002047E-01,non-significant
R-HSA-77387,1.606093E-01,non-significant
R-HSA-170968,2.623167E-01,non-significant
R-HSA-389359,2.623167E-01,non-significant
R-HSA-2995383,2.047002E-01,non-significant
R-HSA-438066,2.047002E-01,non-significant
R-HSA-2122948,1.827543E-01,non-significant
R-HSA-211733,1.639210E-01,non-significant
R-HSA-169911,1.475634E-01,non-significant
R-HSA-4090294,1.666755E-01,non-significant
R-HSA-390471,1.666755E-01,non-significant
R-HSA-9006335,1.858398E-01,non-significant
R-HSA-373753,2.345797E-01,non-significant
R-HSA-176412,2.666033E-01,non-significant
R-HSA-9607240,1.521255E-01,non-significant
R-HSA-1538133,1.883210E-01,non-significant
R-HSA-5668599,1.883210E-01,non-significant
R-HSA-9937080,1.883210E-01,non-significant
R-HSA-73863,2.108170E-01,non-significant
R-HSA-9013507,2.373515E-01,non-significant
R-HSA-5358508,2.693184E-01,non-significant
R-HSA-75815,1.903068E-01,non-significant
R-HSA-5626467,2.128397E-01,non-significant
R-HSA-9609736,1.724223E-01,non-significant
R-HSA-5610783,1.724223E-01,non-significant
R-HSA-5601884,2.392987E-01,non-significant
R-HSA-419037,1.918819E-01,non-significant
R-HSA-9824594,2.709467E-01,non-significant
R-HSA-8854050,2.154550E-01,non-significant
R-HSA-174113,2.154550E-01,non-significant
R-HSA-8874081,2.720719E-01,non-significant
R-HSA-9013409,1.955375E-01,non-significant
R-HSA-5656169,2.719159E-01,non-significant
R-HSA-917729,2.719159E-01,non-significant
R-HSA-9615710,2.719159E-01,non-significant
R-HSA-350562,2.714291E-01,non-significant
R-HSA-5610780,2.415028E-01,non-significant
R-HSA-983170,2.706857E-01,non-significant
R-HSA-9680350,2.706857E-01,non-significant
R-HSA-1296072,2.697409E-01,non-significant
R-HSA-380320,1.751841E-01,non-significant
R-HSA-9937383,1.585123E-01,non-significant
R-HSA-1234174,2.344464E-01,non-significant
R-HSA-72165,2.920799E-01,non-significant
R-HSA-5693607,2.468172E-01,non-significant
R-HSA-6807505,2.434539E-01,non-significant
R-HSA-5419276,2.134316E-01,non-significant
R-HSA-3108214,2.723645E-01,non-significant
R-HSA-9759194,1.547480E-01,non-significant
R-HSA-389948,2.282587E-01,non-significant
R-HSA-73886,2.864710E-01,non-significant
R-HSA-73893,2.898768E-01,non-significant
R-HSA-2022090,1.769700E-01,non-significant
R-HSA-8853659,1.689643E-01,non-significant
R-HSA-2995410,2.883409E-01,non-significant
R-HSA-210993,1.681963E-01,non-significant
R-HSA-982772,2.717962E-01,non-significant
R-HSA-193639,2.253235E-01,non-significant
R-HSA-9754189,2.002047E-01,non-significant
R-HSA-2151201,1.925298E-01,non-significant
R-HSA-110373,2.720719E-01,non-significant
R-HSA-418594,2.513483E-01,non-significant
R-HSA-416700,2.253235E-01,non-significant
R-HSA-2022854,2.143539E-01,non-significant
R-HSA-1592230,2.725016E-01,non-significant
R-HSA-9768919,1.903068E-01,non-significant
R-HSA-416476,1.585584E-01,non-significant
R-HSA-5628897,2.748369E-01,non-significant
R-HSA-1358803,2.177884E-01,non-significant
R-HSA-1638074,2.168679E-01,non-significant
R-HSA-111471,1.681963E-01,non-significant
R-HSA-3295583,2.720719E-01,non-significant
R-HSA-1236978,2.418481E-01,non-significant
R-HSA-5621481,1.838475E-01,non-significant
R-HSA-1660499,1.771700E-01,non-significant
R-HSA-451927,1.931133E-01,non-significant
R-HSA-9841251,2.108170E-01,non-significant
R-HSA-446388,2.277065E-01,non-significant
R-HSA-446353,2.253235E-01,non-significant
R-HSA-349425,1.903068E-01,non-significant
R-HSA-165159,2.377093E-01,non-significant
R-HSA-9022692,2.143539E-01,non-significant
R-HSA-8964043,1.708602E-01,non-significant
R-HSA-111932,2.070438E-01,non-significant
R-HSA-6803207,2.666033E-01,non-significant
R-HSA-8851680,1.622257E-01,non-significant
R-HSA-427652,2.277065E-01,non-significant
R-HSA-8866911,2.755608E-01,non-significant
R-HSA-425986,2.451174E-01,non-significant
R-HSA-157858,1.566882E-01,non-significant
R-HSA-68949,2.166040E-01,non-significant
R-HSA-5687128,1.608425E-01,non-significant
R-HSA-5627123,2.047002E-01,non-significant
R-HSA-6783310,2.660737E-01,non-significant
R-HSA-9701898,2.253235E-01,non-significant
R-HSA-435368,1.664417E-01,non-significant
R-HSA-8934903,2.070438E-01,non-significant
R-HSA-190828,1.736985E-01,non-significant
R-HSA-9766229,2.898768E-01,non-significant
R-HSA-2172127,1.736985E-01,non-significant
R-HSA-352238,2.317417E-01,non-significant
R-HSA-190704,2.317417E-01,non-significant
R-HSA-9840373,1.622257E-01,non-significant
R-HSA-442380,1.622257E-01,non-significant
R-HSA-9839383,2.451174E-01,non-significant
R-HSA-5676590,1.521255E-01,non-significant
R-HSA-420029,2.392987E-01,non-significant
R-HSA-6804116,2.666033E-01,non-significant
R-HSA-936837,2.568476E-01,non-significant
R-HSA-8963899,1.952343E-01,non-significant
R-HSA-983189,1.955864E-01,non-significant
R-HSA-9909396,2.014167E-01,non-significant
R-HSA-446203,2.530163E-01,non-significant
R-HSA-418360,1.858398E-01,non-significant
R-HSA-9659379,2.681252E-01,non-significant
R-HSA-418038,1.681963E-01,non-significant
R-HSA-139853,2.307073E-01,non-significant
R-HSA-9013406,2.162177E-01,non-significant
R-HSA-425410,2.168679E-01,non-significant
R-HSA-1834949,1.609145E-01,non-significant
R-HSA-983712,1.668037E-01,non-significant
R-HSA-190827,2.317417E-01,non-significant
R-HSA-447038,1.664417E-01,non-significant
R-HSA-426117,1.911935E-01,non-significant
R-HSA-210746,2.935414E-01,non-significant
R-HSA-9831926,2.693184E-01,non-significant
R-HSA-163765,2.556468E-01,non-significant
R-HSA-9013405,1.566882E-01,non-significant
R-HSA-1169410,2.867111E-01,non-significant
R-HSA-9013407,2.714291E-01,non-significant
R-HSA-2408522,1.646742E-01,non-significant
R-HSA-8854214,2.942673E-01,non-significant
R-HSA-913709,2.987959E-01,non-significant
R-HSA-9662360,2.987959E-01,non-significant
R-HSA-193692,3.023886E-01,non-significant
R-HSA-163680,3.023886E-01,non-significant
R-HSA-264870,3.023886E-01,non-significant
R-HSA-354192,3.025968E-01,non-significant
R-HSA-8852276,3.042887E-01,non-significant
R-HSA-9026519,3.069255E-01,non-significant
R-HSA-1250342,3.069255E-01,non-significant
R-HSA-111461,3.069255E-01,non-significant
R-HSA-1170546,3.090963E-01,non-significant
R-HSA-5684264,3.090963E-01,non-significant
R-HSA-5578768,3.090963E-01,non-significant
R-HSA-2243919,3.096726E-01,non-significant
R-HSA-5627117,3.096726E-01,non-significant
R-HSA-174048,3.096726E-01,non-significant
R-HSA-399997,3.098415E-01,non-significant
R-HSA-1566977,3.098415E-01,non-significant
R-HSA-9662361,3.099713E-01,non-significant
R-HSA-202424,3.204188E-01,non-significant
R-HSA-9909649,3.247625E-01,non-significant
R-HSA-9932298,3.250559E-01,non-significant
R-HSA-5693537,3.347019E-01,non-significant
R-HSA-390522,3.347019E-01,non-significant
R-HSA-5358346,3.424555E-01,non-significant
R-HSA-1169091,3.424555E-01,non-significant
R-HSA-5619507,3.428860E-01,non-significant
R-HSA-5617472,3.428860E-01,non-significant
R-HSA-75064,3.429386E-01,non-significant
R-HSA-6804754,3.429386E-01,non-significant
R-HSA-8874177,3.429386E-01,non-significant
R-HSA-75108,3.429386E-01,non-significant
R-HSA-376172,3.429386E-01,non-significant
R-HSA-75102,3.429386E-01,non-significant
R-HSA-194306,3.429386E-01,non-significant
R-HSA-2473224,3.429386E-01,non-significant
R-HSA-5693554,3.446584E-01,non-significant
R-HSA-1266695,3.446584E-01,non-significant
R-HSA-6804115,3.479779E-01,non-significant
R-HSA-9857377,3.479779E-01,non-significant
R-HSA-8964038,3.479779E-01,non-significant
R-HSA-9824272,3.502564E-01,non-significant
R-HSA-1362277,3.512413E-01,non-significant
R-HSA-416572,3.512413E-01,non-significant
R-HSA-9823730,3.512413E-01,non-significant
R-HSA-9707564,3.519063E-01,non-significant
R-HSA-5358565,3.543818E-01,non-significant
R-HSA-5358606,3.543818E-01,non-significant
R-HSA-1963642,3.543818E-01,non-significant
R-HSA-4641263,3.543818E-01,non-significant
R-HSA-174437,3.543818E-01,non-significant
R-HSA-176407,3.543818E-01,non-significant
R-HSA-372708,3.543818E-01,non-significant
R-HSA-9827857,3.543818E-01,non-significant
R-HSA-9833482,3.558115E-01,non-significant
R-HSA-1810476,3.572864E-01,non-significant
R-HSA-180336,3.572864E-01,non-significant
R-HSA-5624138,3.576447E-01,non-significant
R-HSA-111463,3.576447E-01,non-significant
R-HSA-8866376,3.576447E-01,non-significant
R-HSA-111464,3.576447E-01,non-significant
R-HSA-9032759,3.576447E-01,non-significant
R-HSA-8941284,3.576447E-01,non-significant
R-HSA-420597,3.576447E-01,non-significant
R-HSA-174577,3.576447E-01,non-significant
R-HSA-202433,3.585718E-01,non-significant
R-HSA-9617629,3.597536E-01,non-significant
R-HSA-8866427,3.597536E-01,non-significant
R-HSA-8983432,3.597536E-01,non-significant
R-HSA-9842663,3.597536E-01,non-significant
R-HSA-179812,3.597536E-01,non-significant
R-HSA-8931987,3.613918E-01,non-significant
R-HSA-9603381,3.613918E-01,non-significant
R-HSA-5576890,3.613918E-01,non-significant
R-HSA-418886,3.613918E-01,non-significant
R-HSA-162791,3.613918E-01,non-significant
R-HSA-190371,3.613918E-01,non-significant
R-HSA-9022707,3.613918E-01,non-significant
R-HSA-74749,3.613972E-01,non-significant
R-HSA-198203,3.613972E-01,non-significant
R-HSA-9761174,3.613972E-01,non-significant
R-HSA-9027277,3.613972E-01,non-significant
R-HSA-451308,3.613972E-01,non-significant
R-HSA-9664873,3.613972E-01,non-significant
R-HSA-140342,3.613972E-01,non-significant
R-HSA-9627069,3.613972E-01,non-significant
R-HSA-111458,3.613972E-01,non-significant
R-HSA-9764790,3.613972E-01,non-significant
R-HSA-6811436,3.650545E-01,non-significant
R-HSA-901042,3.674978E-01,non-significant
R-HSA-1980145,3.674978E-01,non-significant
R-HSA-9634815,3.695507E-01,non-significant
R-HSA-69190,3.722290E-01,non-significant
R-HSA-69002,3.775356E-01,non-significant
R-HSA-9615933,3.823336E-01,non-significant
R-HSA-200425,3.823336E-01,non-significant
R-HSA-9759476,3.861848E-01,non-significant
R-HSA-1169408,3.873044E-01,non-significant
R-HSA-73933,3.893903E-01,non-significant
R-HSA-5218920,3.893903E-01,non-significant
R-HSA-9924644,3.920802E-01,non-significant
R-HSA-1500620,3.960286E-01,non-significant
R-HSA-416993,3.995730E-01,non-significant
R-HSA-432142,3.995730E-01,non-significant
R-HSA-9613829,3.995730E-01,non-significant
R-HSA-2559582,4.008220E-01,non-significant
R-HSA-72202,4.008220E-01,non-significant
R-HSA-9706369,4.060653E-01,non-significant
R-HSA-5635838,4.060653E-01,non-significant
R-HSA-399955,4.060653E-01,non-significant
R-HSA-2485179,4.060653E-01,non-significant
R-HSA-9942503,4.060653E-01,non-significant
R-HSA-5693568,4.068738E-01,non-significant
R-HSA-9764260,4.068738E-01,non-significant
R-HSA-6804758,4.068738E-01,non-significant
R-HSA-382551,4.111798E-01,non-significant
R-HSA-201722,4.129432E-01,non-significant
R-HSA-170660,4.130545E-01,non-significant
R-HSA-9933947,4.130545E-01,non-significant
R-HSA-2559584,4.130545E-01,non-significant
R-HSA-442720,4.130545E-01,non-significant
R-HSA-901032,4.203408E-01,non-significant
R-HSA-933543,4.206545E-01,non-significant
R-HSA-451306,4.206545E-01,non-significant
R-HSA-9706019,4.206545E-01,non-significant
R-HSA-5682910,4.206545E-01,non-significant
R-HSA-9645460,4.206545E-01,non-significant
R-HSA-1474165,4.224700E-01,non-significant
R-HSA-933542,4.278131E-01,non-significant
R-HSA-8963898,4.278131E-01,non-significant
R-HSA-8939242,4.290201E-01,non-significant
R-HSA-9032500,4.290201E-01,non-significant
R-HSA-8866904,4.290201E-01,non-significant
R-HSA-193634,4.290201E-01,non-significant
R-HSA-111453,4.290201E-01,non-significant
R-HSA-9958517,4.290201E-01,non-significant
R-HSA-9013419,4.290201E-01,non-significant
R-HSA-8875656,4.290201E-01,non-significant
R-HSA-419812,4.290201E-01,non-significant
R-HSA-442729,4.290201E-01,non-significant
R-HSA-2022870,4.359142E-01,non-significant
R-HSA-5620924,4.374724E-01,non-significant
R-HSA-111469,4.383414E-01,non-significant
R-HSA-8941855,4.383414E-01,non-significant
R-HSA-5362798,4.383414E-01,non-significant
R-HSA-8937144,4.383414E-01,non-significant
R-HSA-5674499,4.383414E-01,non-significant
R-HSA-187706,4.383414E-01,non-significant
R-HSA-8985586,4.383414E-01,non-significant
R-HSA-8849470,4.383414E-01,non-significant
R-HSA-111459,4.383414E-01,non-significant
R-HSA-5660668,4.383414E-01,non-significant
R-HSA-444821,4.383414E-01,non-significant
R-HSA-9667769,4.383414E-01,non-significant
R-HSA-9033500,4.383414E-01,non-significant
R-HSA-157579,4.410673E-01,non-significant
R-HSA-2024101,4.416556E-01,non-significant
R-HSA-114508,4.416556E-01,non-significant
R-HSA-449836,4.447939E-01,non-significant
R-HSA-5620920,4.463252E-01,non-significant
R-HSA-8939236,4.465021E-01,non-significant
R-HSA-187042,4.486205E-01,non-significant
R-HSA-844455,4.486205E-01,non-significant
R-HSA-9034793,4.486205E-01,non-significant
R-HSA-167021,4.486205E-01,non-significant
R-HSA-8875513,4.486205E-01,non-significant
R-HSA-209563,4.486205E-01,non-significant
R-HSA-8865999,4.486205E-01,non-significant
R-HSA-8941237,4.486205E-01,non-significant
R-HSA-390650,4.486205E-01,non-significant
R-HSA-427589,4.486205E-01,non-significant
R-HSA-9036866,4.486205E-01,non-significant
R-HSA-167060,4.486205E-01,non-significant
R-HSA-5694530,4.496764E-01,non-significant
R-HSA-1793185,4.523953E-01,non-significant
R-HSA-975110,4.546660E-01,non-significant
R-HSA-8877627,4.554166E-01,non-significant
R-HSA-373756,4.554166E-01,non-significant
R-HSA-9734091,4.554166E-01,non-significant
R-HSA-5620971,4.583210E-01,non-significant
R-HSA-975576,4.593479E-01,non-significant
R-HSA-69306,4.608787E-01,non-significant
R-HSA-205043,4.658517E-01,non-significant
R-HSA-1483115,4.658517E-01,non-significant
R-HSA-1663150,4.658517E-01,non-significant
R-HSA-5607763,4.658517E-01,non-significant
R-HSA-417957,4.658517E-01,non-significant
R-HSA-8948216,4.675440E-01,non-significant
R-HSA-400685,4.677137E-01,non-significant
R-HSA-9734767,4.708880E-01,non-significant
R-HSA-9927426,4.763067E-01,non-significant
R-HSA-1971475,4.763067E-01,non-significant
R-HSA-1483255,4.774804E-01,non-significant
R-HSA-6803205,4.780211E-01,non-significant
R-HSA-2022923,4.788654E-01,non-significant
R-HSA-209560,4.788654E-01,non-significant
R-HSA-418359,4.788654E-01,non-significant
R-HSA-113501,4.788654E-01,non-significant
R-HSA-3772470,4.788654E-01,non-significant
R-HSA-9764265,4.829797E-01,non-significant
R-HSA-9764274,4.829797E-01,non-significant
R-HSA-9734779,4.865475E-01,non-significant
R-HSA-9609523,4.894735E-01,non-significant
R-HSA-6807004,4.894735E-01,non-significant
R-HSA-2022857,4.894735E-01,non-significant
R-HSA-1181150,4.894735E-01,non-significant
R-HSA-110313,4.913817E-01,non-significant
R-HSA-9818032,4.946077E-01,non-significant
R-HSA-193697,4.946077E-01,non-significant
R-HSA-170984,4.946077E-01,non-significant
R-HSA-2025928,4.946077E-01,non-significant
R-HSA-2534343,4.946077E-01,non-significant
R-HSA-9715370,4.946077E-01,non-significant
R-HSA-9762293,4.946077E-01,non-significant
R-HSA-2465910,4.946077E-01,non-significant
R-HSA-9820448,4.994787E-01,non-significant
R-HSA-8873719,4.996004E-01,non-significant
R-HSA-9943411,5.028192E-01,non-significant
R-HSA-2980766,5.075537E-01,non-significant
R-HSA-917977,5.105755E-01,non-significant
R-HSA-9860927,5.105755E-01,non-significant
R-HSA-9907900,5.134353E-01,non-significant
R-HSA-3214858,5.134353E-01,non-significant
R-HSA-8964011,5.148709E-01,non-significant
R-HSA-8939256,5.148709E-01,non-significant
R-HSA-8964026,5.148709E-01,non-significant
R-HSA-6806664,5.148709E-01,non-significant
R-HSA-9027283,5.148709E-01,non-significant
R-HSA-2161517,5.148709E-01,non-significant
R-HSA-8874211,5.148709E-01,non-significant
R-HSA-8866423,5.148709E-01,non-significant
R-HSA-159763,5.148709E-01,non-significant
R-HSA-196780,5.173009E-01,non-significant
R-HSA-977068,5.193757E-01,non-significant
R-HSA-389957,5.193757E-01,non-significant
R-HSA-1369062,5.193757E-01,non-significant
R-HSA-9958810,5.193757E-01,non-significant
R-HSA-9931295,5.331056E-01,non-significant
R-HSA-9027276,5.349674E-01,non-significant
R-HSA-9769733,5.349674E-01,non-significant
R-HSA-1679131,5.349674E-01,non-significant
R-HSA-9820865,5.349674E-01,non-significant
R-HSA-877312,5.349674E-01,non-significant
R-HSA-9028731,5.349674E-01,non-significant
R-HSA-191650,5.440428E-01,non-significant
R-HSA-8964540,5.440428E-01,non-significant
R-HSA-205025,5.440428E-01,non-significant
R-HSA-5626978,5.440428E-01,non-significant
R-HSA-1300645,5.440428E-01,non-significant
R-HSA-1251932,5.440428E-01,non-significant
R-HSA-9818035,5.440428E-01,non-significant
R-HSA-8952158,5.440428E-01,non-significant
R-HSA-9007892,5.440428E-01,non-significant
R-HSA-9729555,5.440428E-01,non-significant
R-HSA-193670,5.440428E-01,non-significant
R-HSA-5660489,5.440428E-01,non-significant
R-HSA-3232142,5.442303E-01,non-significant
R-HSA-180292,5.486805E-01,non-significant
R-HSA-1606322,5.486805E-01,non-significant
R-HSA-4615885,5.541095E-01,non-significant
R-HSA-9927418,5.541095E-01,non-significant
R-HSA-9818027,5.560509E-01,non-significant
R-HSA-1855204,5.560509E-01,non-significant
R-HSA-9768727,5.560509E-01,non-significant
R-HSA-390450,5.567820E-01,non-significant
R-HSA-9762292,5.567820E-01,non-significant
R-HSA-6799990,5.567820E-01,non-significant
R-HSA-209952,5.567820E-01,non-significant
R-HSA-429947,5.595925E-01,non-significant
R-HSA-9865881,5.595925E-01,non-significant
R-HSA-5693565,5.614621E-01,non-significant
R-HSA-380108,5.629145E-01,non-significant
R-HSA-532668,5.629145E-01,non-significant
R-HSA-9646399,5.651926E-01,non-significant
R-HSA-159234,5.651926E-01,non-significant
R-HSA-1474290,5.666486E-01,non-significant
R-HSA-434316,5.667078E-01,non-significant
R-HSA-354194,5.667078E-01,non-significant
R-HSA-182971,5.688733E-01,non-significant
R-HSA-389958,5.688733E-01,non-significant
R-HSA-9037629,5.688733E-01,non-significant
R-HSA-8951664,5.733985E-01,non-significant
R-HSA-9617828,5.752573E-01,non-significant
R-HSA-159236,5.763624E-01,non-significant
R-HSA-6790901,5.782296E-01,non-significant
R-HSA-445355,5.808080E-01,non-significant
R-HSA-9619483,5.828881E-01,non-significant
R-HSA-622312,5.828881E-01,non-significant
R-HSA-4570464,5.844576E-01,non-significant
R-HSA-2892245,5.854471E-01,non-significant
R-HSA-8851907,5.854471E-01,non-significant
R-HSA-8964046,5.854471E-01,non-significant
R-HSA-8964041,5.854471E-01,non-significant
R-HSA-9632974,5.854471E-01,non-significant
R-HSA-1912399,5.854471E-01,non-significant
R-HSA-419771,5.854471E-01,non-significant
R-HSA-110357,5.854471E-01,non-significant
R-HSA-159782,5.854471E-01,non-significant
R-HSA-9029558,5.881412E-01,non-significant
R-HSA-1475029,5.881412E-01,non-significant
R-HSA-5686938,5.898410E-01,non-significant
R-HSA-190861,5.898410E-01,non-significant
R-HSA-1368108,5.898410E-01,non-significant
R-HSA-110320,5.930184E-01,non-significant
R-HSA-844456,5.930184E-01,non-significant
R-HSA-2142688,5.930184E-01,non-significant
R-HSA-9820841,5.962648E-01,non-significant
R-HSA-9932444,5.979291E-01,non-significant
R-HSA-8963678,5.981311E-01,non-significant
R-HSA-205017,5.981311E-01,non-significant
R-HSA-73930,5.981311E-01,non-significant
R-HSA-1299316,5.981311E-01,non-significant
R-HSA-163282,5.981311E-01,non-significant
R-HSA-9603505,5.981311E-01,non-significant
R-HSA-9839394,5.983441E-01,non-significant
R-HSA-174411,5.983441E-01,non-significant
R-HSA-3214842,5.983441E-01,non-significant
R-HSA-5576892,6.036801E-01,non-significant
R-HSA-4551638,6.078987E-01,non-significant
R-HSA-9958790,6.088892E-01,non-significant
R-HSA-77346,6.135317E-01,non-significant
R-HSA-5576893,6.135317E-01,non-significant
R-HSA-9912633,6.135317E-01,non-significant
R-HSA-8866910,6.135317E-01,non-significant
R-HSA-1483148,6.135317E-01,non-significant
R-HSA-5683826,6.139284E-01,non-significant
R-HSA-8864260,6.139284E-01,non-significant
R-HSA-1483248,6.145943E-01,non-significant
R-HSA-8963888,6.145943E-01,non-significant
R-HSA-9832991,6.145943E-01,non-significant
R-HSA-1483226,6.145943E-01,non-significant
R-HSA-212676,6.155742E-01,non-significant
R-HSA-71384,6.155742E-01,non-significant
R-HSA-166208,6.155742E-01,non-significant
R-HSA-189200,6.155742E-01,non-significant
R-HSA-8936459,6.183075E-01,non-significant
R-HSA-3371497,6.183075E-01,non-significant
R-HSA-2672351,6.184551E-01,non-significant
R-HSA-9927432,6.187718E-01,non-significant
R-HSA-9759475,6.187718E-01,non-significant
R-HSA-180024,6.187718E-01,non-significant
R-HSA-204174,6.187718E-01,non-significant
R-HSA-3214847,6.210142E-01,non-significant
R-HSA-6806667,6.231513E-01,non-significant
R-HSA-174417,6.263278E-01,non-significant
R-HSA-3134973,6.273254E-01,non-significant
R-HSA-9927353,6.273254E-01,non-significant
R-HSA-9818026,6.273254E-01,non-significant
R-HSA-74713,6.273254E-01,non-significant
R-HSA-8849468,6.273254E-01,non-significant
R-HSA-71737,6.273254E-01,non-significant
R-HSA-426496,6.273254E-01,non-significant
R-HSA-8849474,6.273254E-01,non-significant
R-HSA-162699,6.273254E-01,non-significant
R-HSA-390648,6.273254E-01,non-significant
R-HSA-9931529,6.273254E-01,non-significant
R-HSA-5693571,6.302661E-01,non-significant
R-HSA-5620922,6.350361E-01,non-significant
R-HSA-9629569,6.350361E-01,non-significant
R-HSA-5689901,6.353635E-01,non-significant
R-HSA-9733709,6.370996E-01,non-significant
R-HSA-77310,6.378020E-01,non-significant
R-HSA-77350,6.378020E-01,non-significant
R-HSA-77348,6.378020E-01,non-significant
R-HSA-9856872,6.378020E-01,non-significant
R-HSA-159231,6.395542E-01,non-significant
R-HSA-73854,6.456606E-01,non-significant
R-HSA-212718,6.490940E-01,non-significant
R-HSA-112313,6.490940E-01,non-significant
R-HSA-210455,6.490940E-01,non-significant
R-HSA-9020933,6.490940E-01,non-significant
R-HSA-8963676,6.490940E-01,non-significant
R-HSA-1462054,6.490940E-01,non-significant
R-HSA-416550,6.674688E-01,non-significant
R-HSA-9758881,6.674688E-01,non-significant
R-HSA-159230,6.689709E-01,non-significant
R-HSA-2514859,6.697544E-01,non-significant
R-HSA-174414,6.704432E-01,non-significant
R-HSA-1221632,6.711342E-01,non-significant
R-HSA-9639288,6.711342E-01,non-significant
R-HSA-5362517,6.728797E-01,non-significant
R-HSA-156590,6.728797E-01,non-significant
R-HSA-69186,6.744580E-01,non-significant
R-HSA-1482925,6.744580E-01,non-significant
R-HSA-422085,6.744580E-01,non-significant
R-HSA-196836,6.744580E-01,non-significant
R-HSA-2979096,6.744580E-01,non-significant
R-HSA-5693606,6.748717E-01,non-significant
R-HSA-375276,6.797952E-01,non-significant
R-HSA-2029480,6.822134E-01,non-significant
R-HSA-5173214,6.835258E-01,non-significant
R-HSA-69183,6.835779E-01,non-significant
R-HSA-9823739,6.835779E-01,non-significant
R-HSA-3270619,6.835779E-01,non-significant
R-HSA-68867,6.840564E-01,non-significant
R-HSA-162710,6.854708E-01,non-significant
R-HSA-68875,6.867470E-01,non-significant
R-HSA-73864,6.886269E-01,non-significant
R-HSA-5368287,6.946677E-01,non-significant
R-HSA-4419969,6.980031E-01,non-significant
R-HSA-181429,6.980031E-01,non-significant
R-HSA-190872,6.980031E-01,non-significant
R-HSA-196791,6.980031E-01,non-significant
R-HSA-9833576,6.982775E-01,non-significant
R-HSA-176417,6.982775E-01,non-significant
R-HSA-389397,6.982775E-01,non-significant
R-HSA-8981373,6.982775E-01,non-significant
R-HSA-167826,6.982775E-01,non-significant
R-HSA-111457,6.982775E-01,non-significant
R-HSA-427975,6.982775E-01,non-significant
R-HSA-9730628,6.982775E-01,non-significant
R-HSA-9758919,6.982775E-01,non-significant
R-HSA-8852405,6.982775E-01,non-significant
R-HSA-211736,7.034512E-01,non-significant
R-HSA-9025046,7.034512E-01,non-significant
R-HSA-198765,7.034512E-01,non-significant
R-HSA-9839406,7.034512E-01,non-significant
R-HSA-9034013,7.034512E-01,non-significant
R-HSA-68881,7.034512E-01,non-significant
R-HSA-844615,7.034512E-01,non-significant
R-HSA-446343,7.034512E-01,non-significant
R-HSA-75944,7.034512E-01,non-significant
R-HSA-5649702,7.054517E-01,non-significant
R-HSA-8866907,7.054517E-01,non-significant
R-HSA-204626,7.054517E-01,non-significant
R-HSA-75072,7.054517E-01,non-significant
R-HSA-975634,7.076262E-01,non-significant
R-HSA-9925561,7.089941E-01,non-significant
R-HSA-8949215,7.111038E-01,non-significant
R-HSA-174403,7.111038E-01,non-significant
R-HSA-194002,7.111038E-01,non-significant
R-HSA-3000484,7.151387E-01,non-significant
R-HSA-9931530,7.151387E-01,non-significant
R-HSA-2024096,7.160140E-01,non-significant
R-HSA-1187000,7.231236E-01,non-significant
R-HSA-2160916,7.231236E-01,non-significant
R-HSA-203927,7.231236E-01,non-significant
R-HSA-9754706,7.252809E-01,non-significant
R-HSA-9634600,7.252809E-01,non-significant
R-HSA-9708530,7.252809E-01,non-significant
R-HSA-3301854,7.276125E-01,non-significant
R-HSA-9969896,7.276125E-01,non-significant
R-HSA-429914,7.299107E-01,non-significant
R-HSA-392154,7.342375E-01,non-significant
R-HSA-392517,7.352629E-01,non-significant
R-HSA-113510,7.352629E-01,non-significant
R-HSA-9856532,7.352629E-01,non-significant
R-HSA-8964058,7.352629E-01,non-significant
R-HSA-429958,7.352629E-01,non-significant
R-HSA-1834941,7.352629E-01,non-significant
R-HSA-4085377,7.445766E-01,non-significant
R-HSA-159227,7.445766E-01,non-significant
R-HSA-9930044,7.445766E-01,non-significant
R-HSA-3238698,7.448782E-01,non-significant
R-HSA-9953170,7.448782E-01,non-significant
R-HSA-983705,7.493487E-01,non-significant
R-HSA-8934593,7.540626E-01,non-significant
R-HSA-210500,7.540626E-01,non-significant
R-HSA-2022928,7.542427E-01,non-significant
R-HSA-2586552,7.546003E-01,non-significant
R-HSA-9022702,7.546003E-01,non-significant
R-HSA-68952,7.546003E-01,non-significant
R-HSA-428359,7.546003E-01,non-significant
R-HSA-381033,7.575806E-01,non-significant
R-HSA-5685939,7.575806E-01,non-significant
R-HSA-9861559,7.575806E-01,non-significant
R-HSA-8949664,7.575806E-01,non-significant
R-HSA-1482883,7.575806E-01,non-significant
R-HSA-8963901,7.575806E-01,non-significant
R-HSA-1483152,7.576416E-01,non-significant
R-HSA-111957,7.576416E-01,non-significant
R-HSA-426486,7.576416E-01,non-significant
R-HSA-389542,7.576416E-01,non-significant
R-HSA-8964572,7.576416E-01,non-significant
R-HSA-9861718,7.578270E-01,non-significant
R-HSA-5250913,7.582223E-01,non-significant
R-HSA-427413,7.582223E-01,non-significant
R-HSA-9008059,7.628070E-01,non-significant
R-HSA-6783984,7.628742E-01,non-significant
R-HSA-77288,7.628742E-01,non-significant
R-HSA-918233,7.628742E-01,non-significant
R-HSA-400511,7.628742E-01,non-significant
R-HSA-70171,7.633848E-01,non-significant
R-HSA-1630316,7.681874E-01,non-significant
R-HSA-1650814,7.686564E-01,non-significant
R-HSA-1482922,7.691302E-01,non-significant
R-HSA-1482788,7.711250E-01,non-significant
R-HSA-400451,7.757596E-01,non-significant
R-HSA-5173105,7.787860E-01,non-significant
R-HSA-351202,7.793820E-01,non-significant
R-HSA-844623,7.811735E-01,non-significant
R-HSA-451307,7.811735E-01,non-significant
R-HSA-198745,7.811735E-01,non-significant
R-HSA-8875791,7.811735E-01,non-significant
R-HSA-111446,7.811735E-01,non-significant
R-HSA-8981607,7.811735E-01,non-significant
R-HSA-9960525,7.811735E-01,non-significant
R-HSA-380095,7.811735E-01,non-significant
R-HSA-9960519,7.811735E-01,non-significant
R-HSA-202427,7.824770E-01,non-significant
R-HSA-264876,7.824770E-01,non-significant
R-HSA-9937848,7.857566E-01,non-significant
R-HSA-5423646,7.865731E-01,non-significant
R-HSA-2514856,7.875841E-01,non-significant
R-HSA-6784531,7.904084E-01,non-significant
R-HSA-5250941,7.916170E-01,non-significant
R-HSA-3214815,7.948419E-01,non-significant
R-HSA-9764562,7.949517E-01,non-significant
R-HSA-69166,7.949517E-01,non-significant
R-HSA-804914,7.949517E-01,non-significant
R-HSA-196843,7.949517E-01,non-significant
R-HSA-8963896,7.949517E-01,non-significant
R-HSA-1482798,7.949517E-01,non-significant
R-HSA-1660517,7.964407E-01,non-significant
R-HSA-190840,7.964407E-01,non-significant
R-HSA-427601,7.969131E-01,non-significant
R-HSA-9758890,7.969131E-01,non-significant
R-HSA-391908,7.969131E-01,non-significant
R-HSA-375281,7.969131E-01,non-significant
R-HSA-8941332,7.969131E-01,non-significant
R-HSA-191859,8.017439E-01,non-significant
R-HSA-194441,8.017439E-01,non-significant
R-HSA-4085001,8.017439E-01,non-significant
R-HSA-202430,8.037871E-01,non-significant
R-HSA-389960,8.037871E-01,non-significant
R-HSA-163767,8.066180E-01,non-significant
R-HSA-964827,8.066180E-01,non-significant
R-HSA-114516,8.066180E-01,non-significant
R-HSA-8932506,8.066180E-01,non-significant
R-HSA-209822,8.066180E-01,non-significant
R-HSA-1369007,8.066180E-01,non-significant
R-HSA-9959399,8.066180E-01,non-significant
R-HSA-9725554,8.231681E-01,non-significant
R-HSA-9648002,8.231681E-01,non-significant
R-HSA-9926550,8.261524E-01,non-significant
R-HSA-193048,8.269631E-01,non-significant
R-HSA-2022377,8.269631E-01,non-significant
R-HSA-9857492,8.275356E-01,non-significant
R-HSA-174362,8.275356E-01,non-significant
R-HSA-419408,8.275356E-01,non-significant
R-HSA-1483166,8.307001E-01,non-significant
R-HSA-9623433,8.329404E-01,non-significant
R-HSA-381183,8.329404E-01,non-significant
R-HSA-433692,8.329404E-01,non-significant
R-HSA-5358493,8.329404E-01,non-significant
R-HSA-217271,8.329404E-01,non-significant
R-HSA-110362,8.329404E-01,non-significant
R-HSA-159740,8.329404E-01,non-significant
R-HSA-425561,8.329404E-01,non-significant
R-HSA-9668328,8.352213E-01,non-significant
R-HSA-9026527,8.385287E-01,non-significant
R-HSA-1306955,8.385287E-01,non-significant
R-HSA-9851151,8.385287E-01,non-significant
R-HSA-69560,8.385287E-01,non-significant
R-HSA-69895,8.385287E-01,non-significant
R-HSA-1296025,8.385287E-01,non-significant
R-HSA-8941333,8.385287E-01,non-significant
R-HSA-9670095,8.425761E-01,non-significant
R-HSA-379726,8.425761E-01,non-significant
R-HSA-111995,8.465733E-01,non-significant
R-HSA-8932504,8.465733E-01,non-significant
R-HSA-9028335,8.465733E-01,non-significant
R-HSA-9768778,8.465733E-01,non-significant
R-HSA-8985947,8.465733E-01,non-significant
R-HSA-879518,8.512126E-01,non-significant
R-HSA-1660514,8.516716E-01,non-significant
R-HSA-71288,8.522442E-01,non-significant
R-HSA-1483257,8.546342E-01,non-significant
R-HSA-5223345,8.551213E-01,non-significant
R-HSA-199220,8.551213E-01,non-significant
R-HSA-1912422,8.554675E-01,non-significant
R-HSA-5576886,8.556964E-01,non-significant
R-HSA-388844,8.556964E-01,non-significant
R-HSA-70350,8.556964E-01,non-significant
R-HSA-9753281,8.579241E-01,non-significant
R-HSA-9764560,8.595237E-01,non-significant
R-HSA-975144,8.633237E-01,non-significant
R-HSA-937039,8.633237E-01,non-significant
R-HSA-77285,8.633237E-01,non-significant
R-HSA-69091,8.633237E-01,non-significant
R-HSA-69109,8.633237E-01,non-significant
R-HSA-77305,8.633237E-01,non-significant
R-HSA-446205,8.633237E-01,non-significant
R-HSA-193144,8.633237E-01,non-significant
R-HSA-159854,8.633237E-01,non-significant
R-HSA-9837999,8.634762E-01,non-significant
R-HSA-73772,8.692515E-01,non-significant
R-HSA-193807,8.718077E-01,non-significant
R-HSA-211935,8.720693E-01,non-significant
R-HSA-5625740,8.724897E-01,non-significant
R-HSA-2142845,8.730561E-01,non-significant
R-HSA-5365859,8.730561E-01,non-significant
R-HSA-389977,8.749909E-01,non-significant
R-HSA-3322077,8.749909E-01,non-significant
R-HSA-917937,8.759290E-01,non-significant
R-HSA-606279,8.784815E-01,non-significant
R-HSA-774815,8.784815E-01,non-significant
R-HSA-379398,8.788716E-01,non-significant
R-HSA-9020958,8.788716E-01,non-significant
R-HSA-9619229,8.788716E-01,non-significant
R-HSA-9768777,8.788716E-01,non-significant
R-HSA-448706,8.788716E-01,non-significant
R-HSA-70326,8.797279E-01,non-significant
R-HSA-9690406,8.798422E-01,non-significant
R-HSA-3134975,8.798422E-01,non-significant
R-HSA-110381,8.808531E-01,non-significant
R-HSA-9818025,8.808531E-01,non-significant
R-HSA-8849472,8.808531E-01,non-significant
R-HSA-9014826,8.808531E-01,non-significant
R-HSA-1606341,8.808531E-01,non-significant
R-HSA-399710,8.808531E-01,non-significant
R-HSA-9968551,8.808531E-01,non-significant
R-HSA-429593,8.808531E-01,non-significant
R-HSA-5250924,8.831198E-01,non-significant
R-HSA-163841,8.857228E-01,non-significant
R-HSA-202733,8.882967E-01,non-significant
R-HSA-9033658,8.909585E-01,non-significant
R-HSA-181430,8.913626E-01,non-significant
R-HSA-373076,8.915126E-01,non-significant
R-HSA-9819196,8.946893E-01,non-significant
R-HSA-211000,8.980876E-01,non-significant
R-HSA-1912408,8.985990E-01,non-significant
R-HSA-9616222,8.996586E-01,non-significant
R-HSA-2142770,9.003975E-01,non-significant
R-HSA-9909505,9.003975E-01,non-significant
R-HSA-9768759,9.003975E-01,non-significant
R-HSA-9840310,9.037507E-01,non-significant
R-HSA-159418,9.040108E-01,non-significant
R-HSA-880009,9.047814E-01,non-significant
R-HSA-379397,9.047814E-01,non-significant
R-HSA-1300642,9.047814E-01,non-significant
R-HSA-6803544,9.047814E-01,non-significant
R-HSA-9948001,9.047814E-01,non-significant
R-HSA-1483191,9.049295E-01,non-significant
R-HSA-912446,9.060221E-01,non-significant
R-HSA-1482801,9.077134E-01,non-significant
R-HSA-964739,9.098269E-01,non-significant
R-HSA-9686114,9.098269E-01,non-significant
R-HSA-211979,9.116426E-01,non-significant
R-HSA-211958,9.116426E-01,non-significant
R-HSA-947581,9.116426E-01,non-significant
R-HSA-68689,9.120852E-01,non-significant
R-HSA-9860276,9.120852E-01,non-significant
R-HSA-163358,9.120852E-01,non-significant
R-HSA-165160,9.120852E-01,non-significant
R-HSA-75094,9.120852E-01,non-significant
R-HSA-109703,9.120852E-01,non-significant
R-HSA-193681,9.120852E-01,non-significant
R-HSA-1483101,9.120852E-01,non-significant
R-HSA-2454202,9.132458E-01,non-significant
R-HSA-2142691,9.158704E-01,non-significant
R-HSA-70263,9.162485E-01,non-significant
R-HSA-549127,9.162591E-01,non-significant
R-HSA-170822,9.172681E-01,non-significant
R-HSA-189483,9.172681E-01,non-significant
R-HSA-3299685,9.177514E-01,non-significant
R-HSA-2564830,9.177824E-01,non-significant
R-HSA-2142700,9.177824E-01,non-significant
R-HSA-9845323,9.187694E-01,non-significant
R-HSA-379724,9.187694E-01,non-significant
R-HSA-1855183,9.218901E-01,non-significant
R-HSA-2161522,9.218901E-01,non-significant
R-HSA-9759811,9.254324E-01,non-significant
R-HSA-8932505,9.254324E-01,non-significant
R-HSA-77108,9.254324E-01,non-significant
R-HSA-196819,9.254324E-01,non-significant
R-HSA-975578,9.261502E-01,non-significant
R-HSA-379401,9.272229E-01,non-significant
R-HSA-174430,9.272229E-01,non-significant
R-HSA-8876725,9.272229E-01,non-significant
R-HSA-70268,9.281292E-01,non-significant
R-HSA-1855196,9.310331E-01,non-significant
R-HSA-1855229,9.310331E-01,non-significant
R-HSA-8869496,9.351316E-01,non-significant
R-HSA-9645135,9.351316E-01,non-significant
R-HSA-113507,9.351316E-01,non-significant
R-HSA-434313,9.351316E-01,non-significant
R-HSA-351143,9.351316E-01,non-significant
R-HSA-9013425,9.351316E-01,non-significant
R-HSA-8854691,9.384991E-01,non-significant
R-HSA-74182,9.384991E-01,non-significant
R-HSA-1482839,9.391182E-01,non-significant
R-HSA-9842860,9.401352E-01,non-significant
R-HSA-77352,9.414852E-01,non-significant
R-HSA-166187,9.414852E-01,non-significant
R-HSA-1234158,9.418011E-01,non-significant
R-HSA-71032,9.418011E-01,non-significant
R-HSA-5693548,9.418011E-01,non-significant
R-HSA-6799198,9.435097E-01,non-significant
R-HSA-9909620,9.446199E-01,non-significant
R-HSA-3000471,9.446199E-01,non-significant
R-HSA-1362409,9.446199E-01,non-significant
R-HSA-391903,9.446199E-01,non-significant
R-HSA-1660662,9.474241E-01,non-significant
R-HSA-9764725,9.501968E-01,non-significant
R-HSA-500792,9.511976E-01,non-significant
R-HSA-9031525,9.521374E-01,non-significant
R-HSA-9031528,9.521374E-01,non-significant
R-HSA-203641,9.521374E-01,non-significant
R-HSA-72200,9.521374E-01,non-significant
R-HSA-177162,9.521374E-01,non-significant
R-HSA-888593,9.521374E-01,non-significant
R-HSA-1614603,9.521374E-01,non-significant
R-HSA-163754,9.521374E-01,non-significant
R-HSA-9026762,9.521374E-01,non-significant
R-HSA-9032845,9.521374E-01,non-significant
R-HSA-432047,9.531166E-01,non-significant
R-HSA-430039,9.531166E-01,non-significant
R-HSA-380615,9.547131E-01,non-significant
R-HSA-9969901,9.547131E-01,non-significant
R-HSA-177128,9.547131E-01,non-significant
R-HSA-1247673,9.547131E-01,non-significant
R-HSA-264642,9.547877E-01,non-significant
R-HSA-196757,9.557238E-01,non-significant
R-HSA-5621480,9.566608E-01,non-significant
R-HSA-977225,9.566779E-01,non-significant
R-HSA-1660516,9.577767E-01,non-significant
R-HSA-1855170,9.581316E-01,non-significant
R-HSA-2187338,9.608001E-01,non-significant
R-HSA-112311,9.612322E-01,non-significant
R-HSA-888590,9.612322E-01,non-significant
R-HSA-2559586,9.617582E-01,non-significant
R-HSA-209905,9.625570E-01,non-significant
R-HSA-196854,9.635784E-01,non-significant
R-HSA-8939246,9.646857E-01,non-significant
R-HSA-444473,9.646857E-01,non-significant
R-HSA-2393930,9.647548E-01,non-significant
R-HSA-9853506,9.648559E-01,non-significant
R-HSA-351200,9.648559E-01,non-significant
R-HSA-6811555,9.648559E-01,non-significant
R-HSA-9931510,9.651792E-01,non-significant
R-HSA-196071,9.662206E-01,non-significant
R-HSA-9958863,9.662206E-01,non-significant
R-HSA-400508,9.663283E-01,non-significant
R-HSA-1638091,9.671242E-01,non-significant
R-HSA-352230,9.671242E-01,non-significant
R-HSA-5578749,9.681527E-01,non-significant
R-HSA-381771,9.681527E-01,non-significant
R-HSA-9864848,9.687461E-01,non-significant
R-HSA-2980736,9.691027E-01,non-significant
R-HSA-5652084,9.701506E-01,non-significant
R-HSA-6798163,9.701506E-01,non-significant
R-HSA-9970672,9.704112E-01,non-significant
R-HSA-193775,9.704112E-01,non-significant
R-HSA-9840309,9.708808E-01,non-significant
R-HSA-8949613,9.713681E-01,non-significant
R-HSA-75109,9.713681E-01,non-significant
R-HSA-9793528,9.727937E-01,non-significant
R-HSA-9854311,9.730950E-01,non-significant
R-HSA-110330,9.731759E-01,non-significant
R-HSA-77289,9.733908E-01,non-significant
R-HSA-9955298,9.735713E-01,non-significant
R-HSA-211994,9.739446E-01,non-significant
R-HSA-2855086,9.739446E-01,non-significant
R-HSA-73843,9.739446E-01,non-significant
R-HSA-916853,9.739446E-01,non-significant
R-HSA-1433617,9.739446E-01,non-significant
R-HSA-9911233,9.739446E-01,non-significant
R-HSA-8853383,9.739446E-01,non-significant
R-HSA-1483249,9.743797E-01,non-significant
R-HSA-196849,9.749279E-01,non-significant
R-HSA-196741,9.756590E-01,non-significant
R-HSA-8943723,9.758526E-01,non-significant
R-HSA-500753,9.763264E-01,non-significant
R-HSA-1237044,9.763264E-01,non-significant
R-HSA-1480926,9.763264E-01,non-significant
R-HSA-9757110,9.765227E-01,non-significant
R-HSA-191273,9.768135E-01,non-significant
R-HSA-9843940,9.775072E-01,non-significant
R-HSA-75105,9.775072E-01,non-significant
R-HSA-6809371,9.777566E-01,non-significant
R-HSA-389661,9.780549E-01,non-significant
R-HSA-8948700,9.789856E-01,non-significant
R-HSA-1855191,9.789856E-01,non-significant
R-HSA-2142712,9.789856E-01,non-significant
R-HSA-112310,9.791334E-01,non-significant
R-HSA-73884,9.791334E-01,non-significant
R-HSA-2029482,9.792120E-01,non-significant
R-HSA-2142789,9.793083E-01,non-significant
R-HSA-390247,9.793083E-01,non-significant
R-HSA-77286,9.793778E-01,non-significant
R-HSA-977606,9.800148E-01,non-significant
R-HSA-211999,9.805181E-01,non-significant
R-HSA-9836573,9.805181E-01,non-significant
R-HSA-9858328,9.807764E-01,non-significant
R-HSA-141334,9.807764E-01,non-significant
R-HSA-380612,9.807764E-01,non-significant
R-HSA-1296346,9.807764E-01,non-significant
R-HSA-73614,9.808004E-01,non-significant
R-HSA-77111,9.812508E-01,non-significant
R-HSA-196108,9.812508E-01,non-significant
R-HSA-9748787,9.813242E-01,non-significant
R-HSA-71387,9.824480E-01,non-significant
R-HSA-2299718,9.825681E-01,non-significant
R-HSA-2142816,9.838012E-01,non-significant
R-HSA-209931,9.838012E-01,non-significant
R-HSA-71262,9.838012E-01,non-significant
R-HSA-193993,9.838012E-01,non-significant
R-HSA-389599,9.843223E-01,non-significant
R-HSA-389887,9.843223E-01,non-significant
R-HSA-1483206,9.843841E-01,non-significant
R-HSA-1660661,9.848120E-01,non-significant
R-HSA-110328,9.848636E-01,non-significant
R-HSA-2161541,9.851867E-01,non-significant
R-HSA-8963684,9.851867E-01,non-significant
R-HSA-71336,9.856707E-01,non-significant
R-HSA-177135,9.858171E-01,non-significant
R-HSA-425381,9.858171E-01,non-significant
R-HSA-1461973,9.866201E-01,non-significant
R-HSA-75876,9.866201E-01,non-significant
R-HSA-9931521,9.875365E-01,non-significant
R-HSA-70370,9.875365E-01,non-significant
R-HSA-196783,9.875365E-01,non-significant
R-HSA-6787450,9.875365E-01,non-significant
R-HSA-9027307,9.875365E-01,non-significant
R-HSA-70635,9.875524E-01,non-significant
R-HSA-166658,9.876224E-01,non-significant
R-HSA-427389,9.881165E-01,non-significant
R-HSA-8982491,9.881165E-01,non-significant
R-HSA-189085,9.883229E-01,non-significant
R-HSA-6807062,9.883229E-01,non-significant
R-HSA-189445,9.894472E-01,non-significant
R-HSA-75896,9.895362E-01,non-significant
R-HSA-141333,9.895362E-01,non-significant
R-HSA-163560,9.897868E-01,non-significant
R-HSA-166662,9.904269E-01,non-significant
R-HSA-211916,9.904269E-01,non-significant
R-HSA-1614517,9.904269E-01,non-significant
R-HSA-2408550,9.904269E-01,non-significant
R-HSA-611105,9.908213E-01,non-significant
R-HSA-8979227,9.911968E-01,non-significant
R-HSA-3000480,9.918799E-01,non-significant
R-HSA-442660,9.918799E-01,non-significant
R-HSA-8850843,9.919435E-01,non-significant
R-HSA-6807047,9.919435E-01,non-significant
R-HSA-9749641,9.922305E-01,non-significant
R-HSA-156582,9.922803E-01,non-significant
R-HSA-70688,9.922803E-01,non-significant
R-HSA-9640463,9.922803E-01,non-significant
R-HSA-8983711,9.922803E-01,non-significant
R-HSA-73943,9.922803E-01,non-significant
R-HSA-425407,9.924647E-01,non-significant
R-HSA-2142670,9.926586E-01,non-significant
R-HSA-428643,9.926586E-01,non-significant
R-HSA-727802,9.926586E-01,non-significant
R-HSA-1855167,9.927891E-01,non-significant
R-HSA-446210,9.927891E-01,non-significant
R-HSA-9018682,9.927891E-01,non-significant
R-HSA-983695,9.929075E-01,non-significant
R-HSA-8957322,9.930054E-01,non-significant
R-HSA-73927,9.931684E-01,non-significant
R-HSA-74217,9.931684E-01,non-significant
R-HSA-1461957,9.932243E-01,non-significant
R-HSA-8964539,9.932243E-01,non-significant
R-HSA-1222556,9.933502E-01,non-significant
R-HSA-5334118,9.935745E-01,non-significant
R-HSA-209968,9.935745E-01,non-significant
R-HSA-9816359,9.937123E-01,non-significant
R-HSA-9033807,9.943048E-01,non-significant
R-HSA-71403,9.943178E-01,non-significant
R-HSA-140179,9.943784E-01,non-significant
R-HSA-1237112,9.943784E-01,non-significant
R-HSA-9913635,9.943784E-01,non-significant
R-HSA-212300,9.944298E-01,non-significant
R-HSA-202131,9.944298E-01,non-significant
R-HSA-390918,9.945499E-01,non-significant
R-HSA-193368,9.951000E-01,non-significant
R-HSA-6803157,9.954501E-01,non-significant
R-HSA-156581,9.954824E-01,non-significant
R-HSA-74259,9.954933E-01,non-significant
R-HSA-8978934,9.954933E-01,non-significant
R-HSA-203615,9.955988E-01,non-significant
R-HSA-192456,9.957011E-01,non-significant
R-HSA-8848584,9.957011E-01,non-significant
R-HSA-5662702,9.957011E-01,non-significant
R-HSA-428157,9.957194E-01,non-significant
R-HSA-9859138,9.957985E-01,non-significant
R-HSA-173599,9.957985E-01,non-significant
R-HSA-6814848,9.957985E-01,non-significant
R-HSA-9026766,9.957985E-01,non-significant
R-HSA-1474151,9.959365E-01,non-significant
R-HSA-211981,9.962513E-01,non-significant
R-HSA-9821002,9.963181E-01,non-significant
R-HSA-2162123,9.963672E-01,non-significant
R-HSA-9845614,9.965489E-01,non-significant
R-HSA-9837092,9.969005E-01,non-significant
R-HSA-73942,9.969005E-01,non-significant
R-HSA-189451,9.970148E-01,non-significant
R-HSA-9943965,9.970590E-01,non-significant
R-HSA-427359,9.971624E-01,non-significant
R-HSA-110331,9.971624E-01,non-significant
R-HSA-8956321,9.972196E-01,non-significant
R-HSA-211976,9.972196E-01,non-significant
R-HSA-171306,9.973094E-01,non-significant
R-HSA-9759218,9.973094E-01,non-significant
R-HSA-9937850,9.973669E-01,non-significant
R-HSA-9755088,9.974954E-01,non-significant
R-HSA-977347,9.974954E-01,non-significant
R-HSA-446193,9.975060E-01,non-significant
R-HSA-110329,9.975838E-01,non-significant
R-HSA-73928,9.975838E-01,non-significant
R-HSA-70895,9.975957E-01,non-significant
R-HSA-2187335,9.977135E-01,non-significant
R-HSA-2046106,9.977275E-01,non-significant
R-HSA-446219,9.977646E-01,non-significant
R-HSA-196807,9.977984E-01,non-significant
R-HSA-499943,9.979236E-01,non-significant
R-HSA-8956320,9.979784E-01,non-significant
R-HSA-444209,9.980915E-01,non-significant
R-HSA-159424,9.980915E-01,non-significant
R-HSA-156587,9.980915E-01,non-significant
R-HSA-964975,9.983133E-01,non-significant
R-HSA-156588,9.983427E-01,non-significant
R-HSA-73929,9.983427E-01,non-significant
R-HSA-446199,9.985473E-01,non-significant
R-HSA-73817,9.988439E-01,non-significant
R-HSA-1428517,9.988461E-01,non-significant
R-HSA-9940951,9.988912E-01,non-significant
R-HSA-209776,9.988912E-01,non-significant
R-HSA-9821993,9.988953E-01,non-significant
R-HSA-156584,9.989191E-01,non-significant
R-HSA-9845576,9.990130E-01,non-significant
R-HSA-2453902,9.990130E-01,non-significant
R-HSA-8963693,9.990200E-01,non-significant
R-HSA-9748784,9.990788E-01,non-significant
R-HSA-9026395,9.990822E-01,non-significant
R-HSA-70221,9.991607E-01,non-significant
R-HSA-8955332,9.991807E-01,non-significant
R-HSA-379716,9.992688E-01,non-significant
R-HSA-9940465,9.993629E-01,non-significant
R-HSA-2046105,9.993629E-01,non-significant
R-HSA-8963743,9.993871E-01,non-significant
R-HSA-2871796,9.994159E-01,non-significant
R-HSA-6805567,9.994380E-01,non-significant
R-HSA-73728,9.995168E-01,non-significant
R-HSA-1483213,9.995168E-01,non-significant
R-HSA-9939291,9.996316E-01,non-significant
R-HSA-9018896,9.996316E-01,non-significant
R-HSA-1614558,9.996359E-01,non-significant
R-HSA-71291,9.996453E-01,non-significant
R-HSA-9943962,9.996659E-01,non-significant
R-HSA-9018679,9.997227E-01,non-significant
R-HSA-2408508,9.997302E-01,non-significant
R-HSA-2046104,9.997727E-01,non-significant
R-HSA-2142753,9.997789E-01,non-significant
R-HSA-9018676,9.997996E-01,non-significant
R-HSA-2871837,9.998019E-01,non-significant
R-HSA-2029485,9.998127E-01,non-significant
R-HSA-71064,9.998401E-01,non-significant
R-HSA-1614635,9.998718E-01,non-significant
R-HSA-8963691,9.998770E-01,non-significant
R-HSA-8931838,9.998800E-01,non-significant
R-HSA-8978868,9.999025E-01,non-significant
R-HSA-425397,9.999040E-01,non-significant
R-HSA-15869,9.999083E-01,non-significant
R-HSA-68616,9.999094E-01,non-significant
R-HSA-8935690,9.999149E-01,non-significant
R-HSA-9027604,9.999196E-01,non-significant
R-HSA-194068,9.999213E-01,non-significant
R-HSA-9843970,9.999484E-01,non-significant
R-HSA-83936,9.999563E-01,non-significant
R-HSA-9025094,9.999563E-01,non-significant
R-HSA-6782315,9.999599E-01,non-significant
R-HSA-73621,9.999750E-01,non-significant
R-HSA-192105,9.999820E-01,non-significant
R-HSA-6785470,9.999834E-01,non-significant
R-HSA-9018683,9.999871E-01,non-significant
R-HSA-420499,9.999901E-01,non-significant
R-HSA-2029481,9.999913E-01,non-significant
R-HSA-2871809,9.999914E-01,non-significant
R-HSA-8956319,9.999917E-01,non-significant
R-HSA-5625886,9.999929E-01,non-significant
R-HSA-70921,9.999948E-01,non-significant
R-HSA-72306,9.999975E-01,non-significant
R-HSA-156580,9.999977E-01,non-significant
R-HSA-8868766,9.999994E-01,non-significant
R-HSA-5690714,9.999994E-01,non-significant
R-HSA-556833,9.999997E-01,non-significant
R-HSA-9018677,9.999997E-01,non-significant
R-HSA-211897,9.999998E-01,non-significant
R-HSA-166663,9.999998E-01,non-significant
R-HSA-71240,9.999999E-01,non-significant
R-HSA-198933,9.999999E-01,non-significant
R-HSA-9717189,1.000000E+00,non-significant
R-HSA-211945,1.000000E+00,non-significant
R-HSA-2730905,1.000000E+00,non-significant
R-HSA-2173782,1.000000E+00,non-significant
R-HSA-173623,1.000000E+00,non-significant
R-HSA-9717207,1.000000E+00,non-significant
R-HSA-166786,1.000000E+00,non-significant
R-HSA-2168880,1.000000E+00,non-significant
R-HSA-211859,1.000000E+00,non-significant
R-HSA-1430728,1.000000E+00,non-significant
R-HSA-9018678,1.000000E+00,non-significant
R-HSA-381753,1.000000E+00,non-significant
R-HSA-9752946,1.000000E+00,non-significant
R-HSA-9709957,1.000000E+00,non-significant
